e_test,test,e_K_wide,K_wide,e_K_wide,K_narrow,e_Na_wide,Na_wide,e_Na_narrow,Na_narrow
13,12971.875,13,11618.75,5,15386.7188,13,61325,5,50538.6719
12.98,13237.5,12.98,11706.25,4.98,15303.5156,12.98,60084.375,4.98,50291.7969
12.96,12446.875,12.96,11693.75,4.96,15310.5469,12.96,59309.375,4.96,50226.5625
12.94,13193.75,12.94,11509.375,4.94,14912.8906,12.94,59334.375,4.94,49957.0313
12.92,12800,12.92,11693.75,4.92,15038.6719,12.92,60518.75,4.92,50088.6719
12.9,12846.875,12.9,11675,4.9,15033.9844,12.9,59390.625,4.9,50226.5625
12.88,12956.25,12.88,11412.5,4.88,14871.875,12.88,59568.75,4.88,50130.8594
12.86,12756.25,12.86,10962.5,4.86,14969.5313,12.86,58900,4.86,50328.125
12.84,12668.75,12.84,11371.875,4.84,14862.8906,12.84,59271.875,4.84,50177.3438
12.82,12618.75,12.82,11668.75,4.82,14819.1406,12.82,58440.625,4.82,50064.0625
12.8,12921.875,12.8,11603.125,4.8,14679.2969,12.8,59206.25,4.8,49735.5469
12.78,13093.75,12.78,12165.625,4.78,14719.5313,12.78,59550,4.78,49950
12.76,12815.625,12.76,11959.375,4.76,14795.7031,12.76,59850,4.76,49653.125
12.74,13040.625,12.74,11715.625,4.74,14632.8125,12.74,59193.75,4.74,49717.1875
12.72,12984.375,12.72,11446.875,4.72,14485.9375,12.72,59421.875,4.72,49562.5
12.7,13096.875,12.7,12043.75,4.7,14445.3125,12.7,59534.375,4.7,49672.2656
12.68,13118.75,12.68,11653.125,4.68,14600.7813,12.68,59790.625,4.68,49655.4688
12.66,13184.375,12.66,11921.875,4.66,14438.2813,12.66,60350,4.66,49661.7188
12.64,13303.125,12.64,12053.125,4.64,14405.0781,12.64,60162.5,4.64,49529.6875
12.62,13531.25,12.62,11612.5,4.62,14415.2344,12.62,61084.375,4.62,49720.7031
12.6,13300,12.6,12556.25,4.6,14246.4844,12.6,59934.375,4.6,49383.9844
12.58,13321.875,12.58,12140.625,4.58,14388.6719,12.58,59868.75,4.58,49319.9219
12.56,13656.25,12.56,11943.75,4.56,14278.9063,12.56,59596.875,4.56,49419.9219
12.54,14000,12.54,12493.75,4.54,14103.9063,12.54,59693.75,4.54,49220.7031
12.52,13390.625,12.52,12643.75,4.52,14235.9375,12.52,60215.625,4.52,48896.875
12.5,13934.375,12.5,12106.25,4.5,14026.5625,12.5,58693.75,4.5,48731.25
12.48,13725,12.48,12493.75,4.48,13954.2969,12.48,58806.25,4.48,48993.3594
12.46,13796.875,12.46,12081.25,4.46,14125.3906,12.46,58434.375,4.46,48749.2188
12.44,14212.5,12.44,12843.75,4.44,13933.2031,12.44,58787.5,4.44,48632.4219
12.42,13921.875,12.42,12409.375,4.42,13842.5781,12.42,58637.5,4.42,48827.3438
12.4,14203.125,12.4,13209.375,4.4,13804.6875,12.4,58093.75,4.4,48697.6563
12.38,14446.875,12.38,12750,4.38,13723.0469,12.38,57696.875,4.38,48653.125
12.36,14362.5,12.36,13103.125,4.36,13765.625,12.36,58140.625,4.36,48350
12.34,14759.375,12.34,13393.75,4.34,13515.2344,12.34,56512.5,4.34,48517.5781
12.32,14993.75,12.32,13703.125,4.32,13564.0625,12.32,56618.75,4.32,48138.6719
12.3,15300,12.3,13831.25,4.3,13570.7031,12.3,56603.125,4.3,48073.0469
12.28,15368.75,12.28,13721.875,4.28,13439.8438,12.28,56462.5,4.28,48094.5313
12.26,15218.75,12.26,14531.25,4.26,13287.1094,12.26,56346.875,4.26,48198.0469
12.24,15937.5,12.24,14809.375,4.24,13304.2969,12.24,56415.625,4.24,47771.0938
12.22,16068.75,12.22,15031.25,4.22,13400.7813,12.22,55396.875,4.22,48117.1875
12.2,15556.25,12.2,15265.625,4.2,13274.2188,12.2,55550,4.2,48000.7813
12.18,15828.125,12.18,15703.125,4.18,13398.0469,12.18,55018.75,4.18,48003.125
12.16,16487.5,12.16,15521.875,4.16,13312.5,12.16,54806.25,4.16,47929.2969
12.14,16456.25,12.14,16050,4.14,13198.8281,12.14,54453.125,4.14,47900.3906
12.12,16159.375,12.12,16850,4.12,13088.6719,12.12,54084.375,4.12,47632.4219
12.1,16212.5,12.1,17828.125,4.1,13152.7344,12.1,53578.125,4.1,47397.6563
12.08,16503.125,12.08,18546.875,4.08,12982.0313,12.08,52828.125,4.08,47414.4531
12.06,16556.25,12.06,18906.25,4.06,13107.0313,12.06,52896.875,4.06,47471.0938
12.04,17187.5,12.04,20053.125,4.04,13152.3438,12.04,53562.5,4.04,47295.7031
12.02,17396.875,12.02,19971.875,4.02,12991.7969,12.02,53309.375,4.02,47142.9688
12,17303.125,12,20875,4,12967.9688,12,52346.875,4,47408.5938
11.98,17415.625,11.98,21450,3.98,12829.6875,11.98,52378.125,3.98,47258.9844
11.96,17300,11.96,21890.625,3.96,12746.0938,11.96,51128.125,3.96,47203.125
11.94,17690.625,11.94,23440.625,3.94,12839.0625,11.94,51018.75,3.94,47126.5625
11.92,17356.25,11.92,22956.25,3.92,12692.9688,11.92,49825,3.92,46846.4844
11.9,17725,11.9,24215.625,3.9,12553.9063,11.9,49815.625,3.9,46760.5469
11.88,18600,11.88,24218.75,3.88,12508.9844,11.88,49190.625,3.88,46689.8438
11.86,18628.125,11.86,25696.875,3.86,12651.1719,11.86,49928.125,3.86,46589.0625
11.84,18496.875,11.84,26046.875,3.84,12579.6875,11.84,48303.125,3.84,46555.0781
11.82,19078.125,11.82,27053.125,3.82,12555.4688,11.82,48143.75,3.82,46492.1875
11.8,18187.5,11.8,27925,3.8,12410.5469,11.8,48331.25,3.8,46328.9063
11.78,18953.125,11.78,30043.75,3.78,12389.0625,11.78,48306.25,3.78,46470.7031
11.76,19625,11.76,31268.75,3.76,12552.7344,11.76,47400,3.76,46614.0625
11.74,19750,11.74,33940.625,3.74,12458.2031,11.74,46621.875,3.74,46960.9375
11.72,19965.625,11.72,37703.125,3.72,12596.0938,11.72,46715.625,3.72,46803.125
11.7,19803.125,11.7,44303.125,3.7,12623.8281,11.7,46406.25,3.7,47170.7031
11.68,19834.375,11.68,60431.25,3.68,12665.2344,11.68,46256.25,3.68,47074.2188
11.66,20296.875,11.66,88412.5,3.66,12460.9375,11.66,45375,3.66,47472.2656
11.64,20537.5,11.64,127393.75,3.64,12456.25,11.64,45075,3.64,47391.0156
11.62,20903.125,11.62,175953.125,3.62,12619.5313,11.62,44828.125,3.62,47432.8125
11.6,20728.125,11.6,230415.625,3.6,12437.8906,11.6,44562.5,3.6,47902.3438
11.58,21646.875,11.58,289000,3.58,12507.0313,11.58,43950,3.58,47665.2344
11.56,21775,11.56,341806.25,3.56,12469.9219,11.56,43028.125,3.56,48185.1563
11.54,22284.375,11.54,390343.75,3.54,12596.875,11.54,42525,3.54,48200.3906
11.52,22903.125,11.52,423912.5,3.52,12596.4844,11.52,43287.5,3.52,48447.2656
11.5,23356.25,11.5,448653.125,3.5,12850.7813,11.5,41756.25,3.5,48434.375
11.48,23859.375,11.48,465081.25,3.48,12632.0313,11.48,41003.125,3.48,48789.4531
11.46,24946.875,11.46,477128.125,3.46,12632.0313,11.46,41193.75,3.46,48917.9688
11.44,27087.5,11.44,483150,3.44,12646.0938,11.44,40890.625,3.44,48791.0156
11.42,29587.5,11.42,488265.625,3.42,12624.2188,11.42,40225,3.42,48940.625
11.4,33500,11.4,488681.25,3.4,12633.9844,11.4,38821.875,3.4,49064.0625
11.38,42190.625,11.38,486990.625,3.38,12807.4219,11.38,38609.375,3.38,49312.1094
11.36,54965.625,11.36,481962.5,3.36,12722.2656,11.36,38000,3.36,49481.6406
11.34,72231.25,11.34,475921.875,3.34,12935.9375,11.34,37903.125,3.34,49479.6875
11.32,93768.75,11.32,469203.125,3.32,12666.7969,11.32,37084.375,3.32,49705.0781
11.3,117056.25,11.3,461643.75,3.3,12829.2969,11.3,37093.75,3.3,50032.0313
11.28,142321.875,11.28,454137.5,3.28,12931.6406,11.28,36281.25,3.28,50257.4219
11.26,171556.25,11.26,451696.875,3.26,12867.5781,11.26,35300,3.26,50270.3125
11.24,204878.125,11.24,443250,3.24,12869.9219,11.24,34975,3.24,50184.375
11.22,242675,11.22,440009.375,3.22,12873.8281,11.22,34593.75,3.22,50273.0469
11.2,283578.125,11.2,434025,3.2,12714.8438,11.2,34353.125,3.2,50391.4063
11.18,327187.5,11.18,427650,3.18,12776.1719,11.18,33034.375,3.18,50914.4531
11.16,371790.625,11.16,419325,3.16,12907.8125,11.16,32331.25,3.16,50543.75
11.14,418334.375,11.14,414265.625,3.14,12830.0781,11.14,32071.875,3.14,50591.0156
11.12,466965.625,11.12,407534.375,3.12,12868.75,11.12,31456.25,3.12,50714.0625
11.1,512118.75,11.1,398384.375,3.1,13003.5156,11.1,31556.25,3.1,51228.9063
11.08,557221.875,11.08,395084.375,3.08,13003.5156,11.08,30712.5,3.08,51545.3125
11.06,598453.125,11.06,388903.125,3.06,13019.9219,11.06,30312.5,3.06,51533.2031
11.04,635237.5,11.04,380718.75,3.04,13075.7813,11.04,28768.75,3.04,51803.5156
11.02,668943.75,11.02,377781.25,3.02,12994.1406,11.02,28871.875,3.02,51768.75
11,696762.5,11,373956.25,3,13129.6875,11,28403.125,3,52179.6875
10.98,719009.375,10.98,370862.5,2.98,13159.7656,10.98,27765.625,2.98,51983.2031
10.96,735728.125,10.96,365478.125,2.96,13032.8125,10.96,27046.875,2.96,52224.2188
10.94,748040.625,10.94,361221.875,2.94,13119.5313,10.94,26931.25,2.94,52285.5469
10.92,748603.125,10.92,354700,2.92,12975,10.92,26300,2.92,52053.9063
10.9,750731.25,10.9,349431.25,2.9,12859.375,10.9,25221.875,2.9,52246.0938
10.88,746796.875,10.88,344762.5,2.88,13014.8438,10.88,25225,2.88,52648.4375
10.86,742793.75,10.86,341059.375,2.86,13023.4375,10.86,24828.125,2.86,52638.2813
10.84,740190.625,10.84,337231.25,2.84,13158.5938,10.84,23968.75,2.84,53169.9219
10.82,737937.5,10.82,332540.625,2.82,13260.1563,10.82,23643.75,2.82,53241.0156
10.8,733000,10.8,328887.5,2.8,13259.7656,10.8,23243.75,2.8,53404.6875
10.78,728121.875,10.78,324462.5,2.78,13075.3906,10.78,23065.625,2.78,53371.0938
10.76,726468.75,10.76,322440.625,2.76,13187.8906,10.76,23025,2.76,53446.0938
10.74,720528.125,10.74,319209.375,2.74,13267.9688,10.74,22203.125,2.74,53722.2656
10.72,716237.5,10.72,314762.5,2.72,13150.3906,10.72,23356.25,2.72,53681.6406
10.7,706415.625,10.7,311053.125,2.7,13354.6875,10.7,23159.375,2.7,53935.9375
10.68,702834.375,10.68,305878.125,2.68,13400.7813,10.68,24437.5,2.68,54120.7031
10.66,694993.75,10.66,303159.375,2.66,13535.9375,10.66,25090.625,2.66,54035.1563
10.64,686343.75,10.64,298500,2.64,13605.0781,10.64,25306.25,2.64,54263.6719
10.62,679284.375,10.62,295959.375,2.62,13431.6406,10.62,26781.25,2.62,54491.7969
10.6,673596.875,10.6,290409.375,2.6,13486.3281,10.6,28012.5,2.6,54306.25
10.58,668587.5,10.58,289265.625,2.58,13501.1719,10.58,29490.625,2.58,54816.4063
10.56,665165.625,10.56,284206.25,2.56,13482.4219,10.56,30818.75,2.56,54842.1875
10.54,659950,10.54,281900,2.54,13454.6875,10.54,32796.875,2.54,55013.2813
10.52,655003.125,10.52,281103.125,2.52,13421.4844,10.52,35771.875,2.52,54978.5156
10.5,648481.25,10.5,274309.375,2.5,13549.6094,10.5,38259.375,2.5,55189.8438
10.48,641843.75,10.48,271671.875,2.48,13568.3594,10.48,40693.75,2.48,55001.5625
10.46,633634.375,10.46,267809.375,2.46,13784.7656,10.46,44696.875,2.46,55187.8906
10.44,627368.75,10.44,264040.625,2.44,13581.25,10.44,48131.25,2.44,55518.75
10.42,619775,10.42,262671.875,2.42,13668.75,10.42,50978.125,2.42,55142.9688
10.4,612346.875,10.4,258634.375,2.4,13612.5,10.4,55256.25,2.4,55722.2656
10.38,604900,10.38,253437.5,2.38,13517.1875,10.38,57981.25,2.38,55668.3594
10.36,595265.625,10.36,251003.125,2.36,13547.2656,10.36,63375,2.36,56013.6719
10.34,589915.625,10.34,249815.625,2.34,13668.75,10.34,66787.5,2.34,56062.5
10.32,587665.625,10.32,243853.125,2.32,13604.6875,10.32,70893.75,2.32,55882.0313
10.3,581093.75,10.3,242271.875,2.3,13694.5313,10.3,75812.5,2.3,56114.4531
10.28,576284.375,10.28,241150,2.28,13667.5781,10.28,78981.25,2.28,55708.5938
10.26,568440.625,10.26,236153.125,2.26,13632.0313,10.26,82296.875,2.26,55925
10.24,562396.875,10.24,233134.375,2.24,13783.5938,10.24,86696.875,2.24,55921.875
10.22,551468.75,10.22,228996.875,2.22,13496.4844,10.22,90512.5,2.22,55783.5938
10.2,547709.375,10.2,227331.25,2.2,13617.5781,10.2,95237.5,2.2,56218.75
10.18,540190.625,10.18,223171.875,2.18,13680.0781,10.18,98587.5,2.18,56387.8906
10.16,533059.375,10.16,219346.875,2.16,13740.2344,10.16,101768.75,2.16,56776.9531
10.14,524515.625,10.14,216500,2.14,13621.0938,10.14,104037.5,2.14,56693.75
10.12,517387.5,10.12,213253.125,2.12,13733.2031,10.12,108371.875,2.12,56634.375
10.1,514934.375,10.1,212331.25,2.1,13703.5156,10.1,111156.25,2.1,56771.4844
10.08,509115.625,10.08,209215.625,2.08,13846.0938,10.08,115315.625,2.08,56644.9219
10.06,505212.5,10.06,207303.125,2.06,13758.5938,10.06,117496.875,2.06,57106.6406
10.04,497546.875,10.04,203396.875,2.04,13592.1875,10.04,121015.625,2.04,56756.25
10.02,493525,10.02,200718.75,2.02,13698.8281,10.02,122534.375,2.02,56750
10,486868.75,10,197159.375,2,13600.7813,10,125018.75,2,56848.8281
9.98,478878.125,9.98,195234.375,1.98,13694.5313,9.98,125590.625,1.98,56867.9688
9.96,473453.125,9.96,192775,1.96,13734.7656,9.96,128421.875,1.96,56880.0781
9.94,465421.875,9.94,189665.625,1.94,13532.8125,9.94,130537.5,1.94,57109.7656
9.92,455175,9.92,185709.375,1.92,13479.6875,9.92,130928.125,1.92,57124.6094
9.9,449928.125,9.9,183784.375,1.9,13570.7031,9.9,133143.75,1.9,56694.1406
9.88,445487.5,9.88,180006.25,1.88,13728.9063,9.88,133290.625,1.88,56805.0781
9.86,442137.5,9.86,178084.375,1.86,13682.8125,9.86,136293.75,1.86,56892.9688
9.84,437100,9.84,176540.625,1.84,13634.375,9.84,137337.5,1.84,57050.3906
9.82,432021.875,9.82,172946.875,1.82,13622.6563,9.82,138959.375,1.82,56887.1094
9.8,422446.875,9.8,171740.625,1.8,13534.375,9.8,138225,1.8,56724.2188
9.78,415140.625,9.78,168740.625,1.78,13594.5313,9.78,138662.5,1.78,56757.8125
9.76,414159.375,9.76,165912.5,1.76,13366.4063,9.76,139878.125,1.76,56750.3906
9.74,404034.375,9.74,162925,1.74,13596.0938,9.74,139118.75,1.74,56843.3594
9.72,400884.375,9.72,160378.125,1.72,13452.7344,9.72,141428.125,1.72,56953.5156
9.7,392587.5,9.7,157509.375,1.7,13486.7188,9.7,140565.625,1.7,57350.3906
9.68,385978.125,9.68,155728.125,1.68,13401.9531,9.68,139909.375,1.68,57036.7188
9.66,382443.75,9.66,153968.75,1.66,13317.9688,9.66,140700,1.66,56894.9219
9.64,377718.75,9.64,152581.25,1.64,13386.7188,9.64,140834.375,1.64,56512.8906
9.62,373965.625,9.62,149940.625,1.62,13212.8906,9.62,141621.875,1.62,56665.625
9.6,368950,9.6,148040.625,1.6,13324.2188,9.6,141331.25,1.6,56493.3594
9.58,363268.75,9.58,145575,1.58,13435.1563,9.58,141378.125,1.58,56539.0625
9.56,357234.375,9.56,142478.125,1.56,13321.0938,9.56,140640.625,1.56,56679.6875
9.54,354362.5,9.54,140678.125,1.54,13338.2813,9.54,141756.25,1.54,56591.4063
9.52,347290.625,9.52,139215.625,1.52,13250.3906,9.52,141303.125,1.52,56548.4375
9.5,344221.875,9.5,136387.5,1.5,13178.125,9.5,140465.625,1.5,56557.8125
9.48,339459.375,9.48,135315.625,1.48,13234.375,9.48,139093.75,1.48,56216.7969
9.46,333309.375,9.46,132309.375,1.46,13119.5313,9.46,139525,1.46,56553.125
9.44,329784.375,9.44,130684.375,1.44,13214.0625,9.44,139306.25,1.44,56495.7031
9.42,325971.875,9.42,129456.25,1.42,13166.0156,9.42,138078.125,1.42,56448.0469
9.4,322893.75,9.4,128365.625,1.4,13171.0938,9.4,137062.5,1.4,56319.1406
9.38,319300,9.38,126565.625,1.38,13134.7656,9.38,139034.375,1.38,56045.7031
9.36,314056.25,9.36,124193.75,1.36,13086.3281,9.36,137478.125,1.36,56160.1563
9.34,309268.75,9.34,122028.125,1.34,12943.3594,9.34,137181.25,1.34,56023.8281
9.32,304350,9.32,119178.125,1.32,13135.9375,9.32,134787.5,1.32,55898.0469
9.3,301265.625,9.3,118643.75,1.3,12943.3594,9.3,135268.75,1.3,55754.6875
9.28,296221.875,9.28,115521.875,1.28,12821.4844,9.28,134493.75,1.28,56044.5313
9.26,294440.625,9.26,114190.625,1.26,13000.3906,9.26,131165.625,1.26,56143.75
9.24,287481.25,9.24,112775,1.24,13007.0313,9.24,132440.625,1.24,55913.6719
9.22,286068.75,9.22,110862.5,1.22,13006.25,9.22,129825,1.22,55720.7031
9.2,283203.125,9.2,110056.25,1.2,12948.8281,9.2,129778.125,1.2,55530.0781
9.18,279262.5,9.18,108300,1.18,12741.4063,9.18,130712.5,1.18,55337.5
9.16,275925,9.16,106950,1.16,12920.3125,9.16,129737.5,1.16,55287.5
9.14,272703.125,9.14,105184.375,1.14,12700,9.14,129556.25,1.14,54982.4219
9.12,267565.625,9.12,103768.75,1.12,12629.6875,9.12,127959.375,1.12,54944.1406
9.1,264156.25,9.1,102221.875,1.1,12607.8125,9.1,125484.375,1.1,55019.5313
9.08,260128.125,9.08,100356.25,1.08,12596.875,9.08,125112.5,1.08,55073.8281
9.06,257578.125,9.06,98040.625,1.06,12624.6094,9.06,124603.125,1.06,54865.2344
9.04,253306.25,9.04,97259.375,1.04,12457.4219,9.04,124259.375,1.04,55106.25
9.02,249315.625,9.02,95421.875,1.02,12397.6563,9.02,122662.5,1.02,54756.6406
9,244696.875,9,94290.625,1,12403.9063,9,120903.125,1,54753.5156
8.98,242562.5,8.98,92456.25,0.98,12279.2969,8.98,121581.25,0.98,54479.6875
8.96,238846.875,8.96,92543.75,0.96,12467.1875,8.96,120218.75,0.96,54631.25
8.94,236546.875,8.94,90934.375,0.94,12347.2656,8.94,119768.75,0.94,54317.9688
8.92,235078.125,8.92,89728.125,0.92,12201.9531,8.92,118768.75,0.92,53797.2656
8.9,229871.875,8.9,87296.875,0.9,12128.5156,8.9,117068.75,0.9,53787.1094
8.88,228196.875,8.88,85909.375,0.88,12005.4688,8.88,115896.875,0.88,53818.75
8.86,222443.75,8.86,85725,0.86,12124.6094,8.86,115690.625,0.86,53550
8.84,218543.75,8.84,83425,0.84,12080.8594,8.84,115481.25,0.84,53221.4844
8.82,215634.375,8.82,82671.875,0.82,12077.7344,8.82,113053.125,0.82,53204.6875
8.8,214087.5,8.8,80762.5,0.8,12270.3125,8.8,112456.25,0.8,53280.4688
8.78,210334.375,8.78,79228.125,0.78,12005.8594,8.78,111693.75,0.78,53062.5
8.76,207596.875,8.76,77587.5,0.76,11906.25,8.76,110484.375,0.76,52903.125
8.74,205656.25,8.74,77237.5,0.74,11954.6875,8.74,109275,0.74,52838.6719
8.72,204821.875,8.72,77812.5,0.72,11843.75,8.72,109656.25,0.72,52577.7344
8.7,201953.125,8.7,76240.625,0.7,11700,8.7,108165.625,0.7,52351.5625
8.68,197900,8.68,74109.375,0.68,11663.6719,8.68,108021.875,0.68,52440.2344
8.66,194325,8.66,73153.125,0.66,11688.6719,8.66,106515.625,0.66,52421.875
8.64,192775,8.64,72387.5,0.64,11714.0625,8.64,105409.375,0.64,52048.4375
8.62,188609.375,8.62,70631.25,0.62,11581.6406,8.62,103909.375,0.62,52006.25
8.6,185312.5,8.6,70215.625,0.6,11567.1875,8.6,104237.5,0.6,51867.1875
8.58,183918.75,8.58,68381.25,0.58,11564.0625,8.58,102934.375,0.58,51662.8906
8.56,178990.625,8.56,68146.875,0.56,11508.5938,8.56,102234.375,0.56,51321.0938
8.54,179262.5,8.54,66009.375,0.54,11745.3125,8.54,100996.875,0.54,51553.9063
8.52,175403.125,8.52,66053.125,0.52,11401.9531,8.52,100156.25,0.52,51287.1094
8.5,173450,8.5,65084.375,0.5,11562.1094,8.5,99531.25,0.5,50959.375
8.48,171243.75,8.48,64100,0.48,11599.6094,8.48,98950,0.48,50561.3281
8.46,169603.125,8.46,63731.25,0.46,11282.8125,8.46,98928.125,0.46,50838.2813
8.44,166743.75,8.44,61996.875,0.44,11328.125,8.44,96975,0.44,50660.5469
8.42,164003.125,8.42,61887.5,0.42,11458.9844,8.42,97184.375,0.42,50309.7656
8.4,160853.125,8.4,60609.375,0.4,11138.6719,8.4,95875,0.4,50181.25
8.38,158062.5,8.38,58796.875,0.38,11351.5625,8.38,95406.25,0.38,50388.6719
8.36,156678.125,8.36,57850,0.36,11326.5625,8.36,93475,0.36,50122.6563
8.34,153837.5,8.34,57865.625,0.34,11091.4063,8.34,93421.875,0.34,49940.2344
8.32,151606.25,8.32,55787.5,0.32,11188.2813,8.32,92471.875,0.32,49355.4688
8.3,150215.625,8.3,56484.375,0.3,11009.375,8.3,91000,0.3,49685.5469
8.28,147843.75,8.28,54090.625,0.28,10877.7344,8.28,90615.625,0.28,49262.8906
8.26,145278.125,8.26,54090.625,0.26,10919.5313,8.26,90496.875,0.26,48931.6406
8.24,143600,8.24,53243.75,0.24,10706.25,8.24,89721.875,0.24,48756.6406
8.22,142321.875,8.22,52459.375,0.22,10882.0313,8.22,88934.375,0.22,48266.7969
8.2,139653.125,8.2,52134.375,0.2,10803.9063,8.2,89662.5,0.2,48538.6719
8.18,136584.375,8.18,51368.75,0.18,10839.4531,8.18,86478.125,0.18,47973.0469
8.16,134934.375,8.16,50321.875,0.16,10785.9375,8.16,86350,0.16,48133.9844
8.14,132321.875,8.14,49587.5,0.14,10550,8.14,85268.75,0.14,47896.4844
8.12,131459.375,8.12,48412.5,0.12,10545.7031,8.12,84812.5,0.12,47640.625
8.1,128965.625,8.1,48450,0.1,10658.2031,8.1,84037.5,0.1,47305.8594
8.08,126965.625,8.08,46218.75,0.08,10510.1563,8.08,83050,0.08,47364.8438
8.06,127628.125,8.06,46831.25,0.06,10516.4063,8.06,83990.625,0.06,47146.0938
8.04,124365.625,8.04,46081.25,0.04,10449.6094,8.04,82246.875,0.04,46667.5781
8.02,121996.875,8.02,45128.125,0.02,10312.1094,8.02,81840.625,0.02,46199.6094
8,120612.5,8,44287.5,0,10242.9688,8,81084.375,0,46055.0781
7.98,119490.625,7.98,44321.875,-0.02,10349.2188,7.98,80865.625,-0.02,45651.1719
7.96,117900,7.96,42946.875,-0.04,10163.6719,7.96,80025,-0.04,45378.125
7.94,114890.625,7.94,42662.5,-0.06,10290.2344,7.94,79137.5,-0.06,45011.7188
7.92,112406.25,7.92,42065.625,-0.08,10135.9375,7.92,78850,-0.08,44567.5781
7.9,110618.75,7.9,41343.75,-0.1,10115.2344,7.9,78121.875,-0.1,44694.1406
7.88,109584.375,7.88,40000,-0.12,10130.4688,7.88,76946.875,-0.12,44181.25
7.86,108715.625,7.86,40156.25,-0.14,9914.8438,7.86,77043.75,-0.14,44064.0625
7.84,107412.5,7.84,39481.25,-0.16,9981.25,7.84,75568.75,-0.16,43570.7031
7.82,106181.25,7.82,38828.125,-0.18,9615.2344,7.82,75659.375,-0.18,43171.4844
7.8,104162.5,7.8,38737.5,-0.2,9977.7344,7.8,75950,-0.2,42878.125
7.78,103337.5,7.78,38462.5,-0.22,9621.4844,7.78,74887.5,-0.22,42828.125
7.76,101250,7.76,37996.875,-0.24,9633.2031,7.76,74525,-0.24,42159.375
7.74,99971.875,7.74,36446.875,-0.26,9449.6094,7.74,73706.25,-0.26,41676.5625
7.72,97275,7.72,36534.375,-0.28,9305.8594,7.72,73031.25,-0.28,41864.0625
7.7,96371.875,7.7,35981.25,-0.3,9253.5156,7.7,72571.875,-0.3,41385.1563
7.68,95409.375,7.68,36206.25,-0.32,9295.3125,7.68,72884.375,-0.32,40996.0938
7.66,93528.125,7.66,34828.125,-0.34,9280.4688,7.66,71768.75,-0.34,40885.1563
7.64,93971.875,7.64,33853.125,-0.36,9275.7813,7.64,70534.375,-0.36,40580.4688
7.62,92562.5,7.62,33584.375,-0.38,9285.5469,7.62,71215.625,-0.38,40001.9531
7.6,90750,7.6,33506.25,-0.4,9124.6094,7.6,70365.625,-0.4,39290.2344
7.58,89550,7.58,33109.375,-0.42,9054.6875,7.58,69946.875,-0.42,39213.6719
7.56,88459.375,7.56,32875,-0.44,9041.4063,7.56,69203.125,-0.44,38774.2188
7.54,88037.5,7.54,31706.25,-0.46,8942.5781,7.54,69206.25,-0.46,38252.7344
7.52,86337.5,7.52,32306.25,-0.48,8962.5,7.52,68540.625,-0.48,37662.8906
7.5,84843.75,7.5,32240.625,-0.5,8790.2344,7.5,67368.75,-0.5,37374.6094
7.48,83621.875,7.48,31228.125,-0.52,8655.8594,7.48,67356.25,-0.52,36952.3438
7.46,82965.625,7.46,31487.5,-0.54,8617.9688,7.46,67443.75,-0.54,36772.2656
7.44,81918.75,7.44,30921.875,-0.56,8586.3281,7.44,65971.875,-0.56,36280.0781
7.42,80437.5,7.42,30531.25,-0.58,8496.875,7.42,65531.25,-0.58,35964.4531
7.4,79828.125,7.4,29615.625,-0.6,8503.5156,7.4,65878.125,-0.6,35392.5781
7.38,79090.625,7.38,28690.625,-0.62,8558.9844,7.38,65171.875,-0.62,34976.5625
7.36,78896.875,7.36,29421.875,-0.64,8348.8281,7.36,65596.875,-0.64,34416.7969
7.34,76825,7.34,28878.125,-0.66,8309.375,7.34,64475,-0.66,34087.5
7.32,75684.375,7.32,28681.25,-0.68,8181.25,7.32,65025,-0.68,33593.3594
7.3,74806.25,7.3,28428.125,-0.7,8056.6406,7.3,63328.125,-0.7,33101.1719
7.28,74221.875,7.28,27246.875,-0.72,8069.9219,7.28,63815.625,-0.72,32616.4063
7.26,72190.625,7.26,26890.625,-0.74,8052.7344,7.26,63531.25,-0.74,32182.0313
7.24,72256.25,7.24,26968.75,-0.76,8110.5469,7.24,62309.375,-0.76,31675
7.22,71831.25,7.22,26006.25,-0.78,7840.2344,7.22,62362.5,-0.78,31190.2344
7.2,70965.625,7.2,25565.625,-0.8,7883.9844,7.2,61162.5,-0.8,30740.625
7.18,69450,7.18,25837.5,-0.82,7846.4844,7.18,62003.125,-0.82,30516.7969
7.16,68906.25,7.16,25625,-0.84,7683.2031,7.16,61503.125,-0.84,29985.1563
7.14,67853.125,7.14,25046.875,-0.86,7680.8594,7.14,61165.625,-0.86,29511.3281
7.12,67571.875,7.12,25471.875,-0.88,7466.4063,7.12,61150,-0.88,29022.2656
7.1,66896.875,7.1,25296.875,-0.9,7550.3906,7.1,60253.125,-0.9,28514.8438
7.08,65321.875,7.08,24328.125,-0.92,7463.2813,7.08,59921.875,-0.92,28148.8281
7.06,65687.5,7.06,23696.875,-0.94,7513.2813,7.06,59165.625,-0.94,27616.7969
7.04,64343.75,7.04,23325,-0.96,7396.0938,7.04,59178.125,-0.96,27357.4219
7.02,63446.875,7.02,23800,-0.98,7386.3281,7.02,58756.25,-0.98,27230.8594
7,62118.75,7,23984.375,-1,7325.7813,7,59018.75,-1,26730.4688
6.98,62278.125,6.98,22931.25,-1.02,7208.9844,6.98,58493.75,-1.02,26502.3438
6.96,61721.875,6.96,22150,-1.04,7102.3438,6.96,58278.125,-1.04,25894.9219
6.94,61193.75,6.94,22309.375,-1.06,7108.5938,6.94,57478.125,-1.06,25409.375
6.92,60100,6.92,22059.375,-1.08,7103.5156,6.92,58006.25,-1.08,25052.7344
6.9,60381.25,6.9,22721.875,-1.1,6941.4063,6.9,57409.375,-1.1,24656.6406
6.88,60137.5,6.88,21881.25,-1.12,6980.8594,6.88,56634.375,-1.12,24249.2188
6.86,59393.75,6.86,21687.5,-1.14,6807.0313,6.86,57059.375,-1.14,23974.2188
6.84,57846.875,6.84,21250,-1.16,6741.0156,6.84,57206.25,-1.16,23691.0156
6.82,57618.75,6.82,20878.125,-1.18,6829.6875,6.82,55681.25,-1.18,23422.2656
6.8,56896.875,6.8,20906.25,-1.2,6734.375,6.8,56128.125,-1.2,23001.1719
6.78,56503.125,6.78,20800,-1.22,6687.5,6.78,55421.875,-1.22,22660.1563
6.76,55715.625,6.76,19984.375,-1.24,6542.9688,6.76,55790.625,-1.24,22600.7813
6.74,54628.125,6.74,20162.5,-1.26,6445.3125,6.74,55043.75,-1.26,22393.3594
6.72,55440.625,6.72,20215.625,-1.28,6454.2969,6.72,55350,-1.28,21958.9844
6.7,54825,6.7,19381.25,-1.3,6305.0781,6.7,55050,-1.3,21625.7813
6.68,54190.625,6.68,19856.25,-1.32,6292.1875,6.68,55596.875,-1.32,21275
6.66,53065.625,6.66,19709.375,-1.34,6135.1563,6.66,54868.75,-1.34,21032.4219
6.64,52284.375,6.64,19425,-1.36,6140.625,6.64,54725,-1.36,20822.6563
6.62,52600,6.62,19525,-1.38,6107.4219,6.62,53940.625,-1.38,20402.7344
6.6,52112.5,6.6,19203.125,-1.4,5901.9531,6.6,53346.875,-1.4,20201.9531
6.58,50775,6.58,19206.25,-1.42,6080.0781,6.58,54187.5,-1.42,19861.3281
6.56,50956.25,6.56,18343.75,-1.44,5885.1563,6.56,53871.875,-1.44,19812.1094
6.54,50793.75,6.54,18300,-1.46,5882.8125,6.54,54109.375,-1.46,19502.7344
6.52,49893.75,6.52,18584.375,-1.48,5826.1719,6.52,53203.125,-1.48,19157.4219
6.5,49321.875,6.5,18084.375,-1.5,5592.1875,6.5,53378.125,-1.5,18968.75
6.48,49837.5,6.48,18296.875,-1.52,5571.4844,6.48,53618.75,-1.52,18821.4844
6.46,49462.5,6.46,18387.5,-1.54,5516.7969,6.46,53921.875,-1.54,18460.9375
6.44,48715.625,6.44,18165.625,-1.56,5402.7344,6.44,53612.5,-1.56,18344.5313
6.42,48393.75,6.42,18003.125,-1.58,5485.5469,6.42,53625,-1.58,18003.9063
6.4,47362.5,6.4,18300,-1.6,5325.3906,6.4,52531.25,-1.6,17829.2969
6.38,47421.875,6.38,17709.375,-1.62,5245.3125,6.38,52462.5,-1.62,17562.8906
6.36,47362.5,6.36,17475,-1.64,5228.9063,6.36,52375,-1.64,17189.0625
6.34,47462.5,6.34,16715.625,-1.66,5286.3281,6.34,52415.625,-1.66,16923.0469
6.32,46475,6.32,16781.25,-1.68,5028.125,6.32,51884.375,-1.68,17037.8906
6.3,45112.5,6.3,16931.25,-1.7,4975.7813,6.3,52003.125,-1.7,16575.7813
6.28,45625,6.28,16662.5,-1.72,4930.4688,6.28,53059.375,-1.72,16360.1563
6.26,44996.875,6.26,16896.875,-1.74,4812.8906,6.26,52237.5,-1.74,16134.375
6.24,45278.125,6.24,16850,-1.76,4778.9063,6.24,51990.625,-1.76,15907.4219
6.22,45906.25,6.22,16853.125,-1.78,4793.3594,6.22,52650,-1.78,15626.9531
6.2,45068.75,6.2,16456.25,-1.8,4700.3906,6.2,52706.25,-1.8,15340.2344
6.18,44671.875,6.18,16271.875,-1.82,4671.4844,6.18,52309.375,-1.82,15136.3281
6.16,44134.375,6.16,15825,-1.84,4491.4063,6.16,52103.125,-1.84,14923.0469
6.14,44150,6.14,16178.125,-1.86,4487.8906,6.14,52809.375,-1.86,14646.875
6.12,43953.125,6.12,15740.625,-1.88,4480.4688,6.12,51593.75,-1.88,14621.4844
6.1,42678.125,6.1,15831.25,-1.9,4334.375,6.1,52315.625,-1.9,14493.3594
6.08,42678.125,6.08,15653.125,-1.92,4312.8906,6.08,52037.5,-1.92,14392.1875
6.06,42218.75,6.06,15725,-1.94,4367.1875,6.06,52178.125,-1.94,14033.5938
6.04,41990.625,6.04,15590.625,-1.96,4236.3281,6.04,51525,-1.96,13992.1875
6.02,41956.25,6.02,15918.75,-1.98,4153.9063,6.02,51684.375,-1.98,13617.5781
6,41831.25,6,15543.75,-2,4048.4375,6,52384.375,-2,13512.1094
5.98,41621.875,5.98,15193.75,-2.02,4056.6406,5.98,51593.75,-2.02,13361.7188
5.96,41975,5.96,14968.75,-2.04,3994.9219,5.96,52840.625,-2.04,13131.6406
5.94,41846.875,5.94,14893.75,-2.06,3939.8438,5.94,52171.875,-2.06,12857.0313
5.92,41896.875,5.92,15006.25,-2.08,3962.8906,5.92,51306.25,-2.08,12603.125
5.9,41118.75,5.9,15034.375,-2.1,3818.75,5.9,51165.625,-2.1,12489.4531
5.88,41053.125,5.88,15190.625,-2.12,3841.0156,5.88,51103.125,-2.12,12231.6406
5.86,39653.125,5.86,15184.375,-2.14,3820.7031,5.86,51059.375,-2.14,12076.9531
5.84,39946.875,5.84,15112.5,-2.16,3727.7344,5.84,51015.625,-2.16,11915.625
5.82,39825,5.82,14693.75,-2.18,3600.7813,5.82,50868.75,-2.18,11861.3281
5.8,39981.25,5.8,14746.875,-2.2,3618.3594,5.8,51118.75,-2.2,11462.1094
5.78,40834.375,5.78,14584.375,-2.22,3495.3125,5.78,51096.875,-2.22,11376.5625
5.76,40390.625,5.76,15043.75,-2.24,3433.2031,5.76,51746.875,-2.24,11266.0156
5.74,38831.25,5.74,14256.25,-2.26,3402.7344,5.74,51640.625,-2.26,10955.4688
5.72,39771.875,5.72,14603.125,-2.28,3378.5156,5.72,51265.625,-2.28,10835.9375
5.7,39103.125,5.7,14553.125,-2.3,3377.3438,5.7,51565.625,-2.3,10551.1719
5.68,38334.375,5.68,14628.125,-2.32,3211.7188,5.68,51643.75,-2.32,10409.7656
5.66,38884.375,5.66,14131.25,-2.34,3251.9531,5.66,51825,-2.34,10291.0156
5.64,38606.25,5.64,14181.25,-2.36,3146.875,5.64,50962.5,-2.36,10105.8594
5.62,38381.25,5.62,14028.125,-2.38,3116.7969,5.62,50596.875,-2.38,9923.0469
5.6,38634.375,5.6,14321.875,-2.4,3129.6875,5.6,51521.875,-2.4,9697.6563
5.58,38759.375,5.58,14146.875,-2.42,2971.4844,5.58,51046.875,-2.42,9505.8594
5.56,38259.375,5.56,14231.25,-2.44,2970.3125,5.56,51053.125,-2.44,9235.1563
5.54,38331.25,5.54,13881.25,-2.46,2937.5,5.54,51043.75,-2.46,9212.1094
5.52,39084.375,5.52,14034.375,-2.48,2983.5938,5.52,50978.125,-2.48,8942.9688
5.5,38056.25,5.5,13696.875,-2.5,2785.1563,5.5,51053.125,-2.5,8764.8438
5.48,38459.375,5.48,13606.25,-2.52,2811.7188,5.48,51078.125,-2.52,8545.3125
5.46,38450,5.46,13743.75,-2.54,2614.4531,5.46,51475,-2.54,8300.3906
5.44,36868.75,5.44,13784.375,-2.56,2592.9688,5.44,51868.75,-2.56,8144.9219
5.42,37384.375,5.42,13284.375,-2.58,2608.9844,5.42,50343.75,-2.58,7940.2344
5.4,37040.625,5.4,13887.5,-2.6,2415.625,5.4,51562.5,-2.6,7768.75
5.38,36509.375,5.38,13350,-2.62,2538.6719,5.38,50150,-2.62,7690.2344
5.36,37275,5.36,13303.125,-2.64,2381.6406,5.36,49900,-2.64,7338.2813
5.34,36065.625,5.34,12937.5,-2.66,2287.5,5.34,50750,-2.66,7115.625
5.32,36262.5,5.32,12918.75,-2.68,2326.9531,5.32,51187.5,-2.68,7048.4375
5.3,36281.25,5.3,13231.25,-2.7,2191.7969,5.3,50931.25,-2.7,6880.0781
5.28,36325,5.28,13281.25,-2.72,2214.4531,5.28,51012.5,-2.72,6507.4219
5.26,36225,5.26,12925,-2.74,2165.2344,5.26,51134.375,-2.74,6505.8594
5.24,36565.625,5.24,13509.375,-2.76,2061.7188,5.24,51281.25,-2.76,6250
5.22,35790.625,5.22,13037.5,-2.78,2046.0938,5.22,50640.625,-2.78,6116.0156
5.2,35875,5.2,12353.125,-2.8,2013.6719,5.2,50934.375,-2.8,5951.5625
5.18,35403.125,5.18,12509.375,-2.82,1938.6719,5.18,49803.125,-2.82,5675
5.16,35428.125,5.16,12550,-2.84,1956.6406,5.16,50218.75,-2.84,5683.9844
5.14,35646.875,5.14,12340.625,-2.86,1852.7344,5.14,50184.375,-2.86,5495.3125
5.12,34868.75,5.12,12653.125,-2.88,1863.2813,5.12,50146.875,-2.88,5411.7188
5.1,34421.875,5.1,12750,-2.9,1794.9219,5.1,50712.5,-2.9,5312.5
5.08,35159.375,5.08,12493.75,-2.92,1694.5313,5.08,50128.125,-2.92,5095.7031
5.06,35040.625,5.06,12653.125,-2.94,1677.3438,5.06,50884.375,-2.94,4928.125
5.04,34806.25,5.04,12984.375,-2.96,1700.7813,5.04,50037.5,-2.96,4757.4219
5.02,35118.75,5.02,12637.5,-2.98,1636.7188,5.02,50018.75,-2.98,4605.4688
5,34312.5,5,12521.875,-3,1564.8438,5,49900,-3,4448.8281
4.98,35231.25,4.98,12050,-3.02,1511.7188,4.98,50356.25,-3.02,4318.3594
4.96,34590.625,4.96,12121.875,-3.04,1477.7344,4.96,50471.875,-3.04,4184.375
4.94,33387.5,4.94,12056.25,-3.06,1392.9688,4.94,49928.125,-3.06,4066.0156
4.92,34025,4.92,12121.875,-3.08,1343.75,4.92,49896.875,-3.08,3870.3125
4.9,33671.875,4.9,12559.375,-3.1,1357.4219,4.9,50150,-3.1,3800.7813
4.88,33768.75,4.88,12150,-3.12,1342.9688,4.88,50353.125,-3.12,3623.0469
4.86,34071.875,4.86,11956.25,-3.14,1363.6719,4.86,49915.625,-3.14,3500
4.84,33171.875,4.84,11940.625,-3.16,1335.1563,4.84,50134.375,-3.16,3537.5
4.82,33684.375,4.82,11918.75,-3.18,1156.25,4.82,50546.875,-3.18,3383.9844
4.8,33681.25,4.8,12231.25,-3.2,1121.875,4.8,49734.375,-3.2,3185.1563
4.78,33093.75,4.78,12009.375,-3.22,1128.5156,4.78,50178.125,-3.22,3246.875
4.76,33140.625,4.76,12328.125,-3.24,1137.5,4.76,49437.5,-3.24,3132.0313
4.74,32625,4.74,11759.375,-3.26,1162.1094,4.74,49775,-3.26,3017.1875
4.72,32578.125,4.72,11743.75,-3.28,1121.4844,4.72,49534.375,-3.28,2986.7188
4.7,32168.75,4.7,11803.125,-3.3,1010.5469,4.7,49859.375,-3.3,2733.9844
4.68,32434.375,4.68,11650,-3.32,1096.4844,4.68,49368.75,-3.32,2681.25
4.66,32446.875,4.66,11828.125,-3.34,1117.9688,4.66,50115.625,-3.34,2609.375
4.64,32096.875,4.64,11846.875,-3.36,1032.8125,4.64,50200,-3.36,2542.5781
4.62,32234.375,4.62,11471.875,-3.38,1046.875,4.62,50553.125,-3.38,2564.4531
4.6,32006.25,4.6,11521.875,-3.4,965.625,4.6,49837.5,-3.4,2371.875
4.58,32159.375,4.58,11359.375,-3.42,903.9063,4.58,49690.625,-3.42,2376.5625
4.56,32321.875,4.56,11931.25,-3.44,1067.9688,4.56,49843.75,-3.44,2375
4.54,31703.125,4.54,11393.75,-3.46,1005.0781,4.54,49428.125,-3.46,2212.1094
4.52,31234.375,4.52,11262.5,-3.48,965.625,4.52,49346.875,-3.48,2251.9531
4.5,30850,4.5,11090.625,-3.5,1030.8594,4.5,48996.875,-3.5,2213.2813
4.48,31359.375,4.48,11131.25,-3.52,982.8125,4.48,48240.625,-3.52,2084.375
4.46,30740.625,4.46,11365.625,-3.54,884.7656,4.46,48921.875,-3.54,2066.0156
4.44,30746.875,4.44,11031.25,-3.56,969.1406,4.44,49259.375,-3.56,1925.3906
4.42,31068.75,4.42,11184.375,-3.58,831.6406,4.42,48853.125,-3.58,2028.9063
4.4,30621.875,4.4,10918.75,-3.6,835.5469,4.4,48931.25,-3.6,1878.9063
4.38,31546.875,4.38,10893.75,-3.62,861.3281,4.38,48931.25,-3.62,1876.9531
4.36,31706.25,4.36,10718.75,-3.64,800.7813,4.36,48250,-3.64,1872.6563
4.34,30896.875,4.34,10743.75,-3.66,798.8281,4.34,48859.375,-3.66,1752.7344
4.32,30559.375,4.32,11000,-3.68,803.5156,4.32,48509.375,-3.68,1724.2188
4.3,31334.375,4.3,10765.625,-3.7,751.9531,4.3,47990.625,-3.7,1677.3438
4.28,30384.375,4.28,10850,-3.72,716.0156,4.28,48809.375,-3.72,1657.4219
4.26,30571.875,4.26,10737.5,-3.74,762.5,4.26,48737.5,-3.74,1600.3906
4.24,30278.125,4.24,10346.875,-3.76,703.125,4.24,47465.625,-3.76,1615.625
4.22,29909.375,4.22,10731.25,-3.78,808.2031,4.22,48618.75,-3.78,1623.0469
4.2,30550,4.2,10418.75,-3.8,768.3594,4.2,48728.125,-3.8,1428.125
4.18,30740.625,4.18,10378.125,-3.82,661.7188,4.18,48178.125,-3.82,1445.3125
4.16,30362.5,4.16,10193.75,-3.84,687.8906,4.16,47468.75,-3.84,1450.3906
4.14,30262.5,4.14,10681.25,-3.86,716.7969,4.14,48037.5,-3.86,1302.7344
4.12,29840.625,4.12,10406.25,-3.88,688.6719,4.12,48084.375,-3.88,1363.2813
4.1,29815.625,4.1,10137.5,-3.9,747.2656,4.1,47843.75,-3.9,1283.2031
4.08,29737.5,4.08,10531.25,-3.92,709.375,4.08,47356.25,-3.92,1243.75
4.06,29062.5,4.06,10362.5,-3.94,642.9688,4.06,47106.25,-3.94,1276.9531
4.04,29493.75,4.04,10390.625,-3.96,724.6094,4.04,46790.625,-3.96,1185.1563
4.02,29678.125,4.02,10287.5,-3.98,660.1563,4.02,47200,-3.98,1228.125
4,30275,4,10375,-4,644.9219,4,47081.25,-4,1141.7969
3.98,30046.875,3.98,10253.125,-4.02,688.2813,3.98,47793.75,-4.02,1056.6406
3.96,29453.125,3.96,10296.875,-4.04,669.9219,3.96,47809.375,-4.04,1117.1875
3.94,29181.25,3.94,10350,-4.06,666.4063,3.94,46646.875,-4.06,1128.9063
3.92,29021.875,3.92,9987.5,-4.08,728.125,3.92,46950,-4.08,999.6094
3.9,28800,3.9,10265.625,-4.1,614.0625,3.9,47150,-4.1,1030.0781
3.88,29378.125,3.88,9759.375,-4.12,651.1719,3.88,46903.125,-4.12,987.8906
3.86,29009.375,3.86,9806.25,-4.14,638.6719,3.86,45840.625,-4.14,938.2813
3.84,28459.375,3.84,10181.25,-4.16,578.9063,3.84,46762.5,-4.16,978.125
3.82,29075,3.82,9815.625,-4.18,599.6094,3.82,46725,-4.18,1006.6406
3.8,28681.25,3.8,9821.875,-4.2,555.8594,3.8,46193.75,-4.2,922.2656
3.78,29440.625,3.78,9950,-4.22,579.6875,3.78,46415.625,-4.22,1071.4844
3.76,29003.125,3.76,10121.875,-4.24,500.7813,3.76,46959.375,-4.24,982.0313
3.74,29159.375,3.74,10037.5,-4.26,542.9688,3.74,47025,-4.26,838.2813
3.72,30000,3.72,10200,-4.28,472.6563,3.72,47159.375,-4.28,984.375
3.7,29018.75,3.7,10012.5,-4.3,504.2969,3.7,47659.375,-4.3,880.0781
3.68,29175,3.68,10212.5,-4.32,585.5469,3.68,47687.5,-4.32,799.2188
3.66,29353.125,3.66,10096.875,-4.34,569.5313,3.66,47365.625,-4.34,913.2813
3.64,29350,3.64,9903.125,-4.36,608.9844,3.64,47971.875,-4.36,842.5781
3.62,29212.5,3.62,10306.25,-4.38,518.3594,3.62,47543.75,-4.38,864.8438
3.6,30343.75,3.6,10196.875,-4.4,576.9531,3.6,47840.625,-4.4,912.1094
3.58,30215.625,3.58,9931.25,-4.42,499.6094,3.58,47525,-4.42,866.4063
3.56,29396.875,3.56,10096.875,-4.44,488.2813,3.56,47703.125,-4.44,762.1094
3.54,30206.25,3.54,9678.125,-4.46,523.0469,3.54,48006.25,-4.46,721.875
3.52,29834.375,3.52,10271.875,-4.48,513.6719,3.52,49184.375,-4.48,710.1563
3.5,30265.625,3.5,9990.625,-4.5,530.8594,3.5,48815.625,-4.5,641.0156
3.48,30159.375,3.48,10118.75,-4.52,457.8125,3.48,48815.625,-4.52,791.7969
3.46,30418.75,3.46,10178.125,-4.54,558.9844,3.46,48400,-4.54,726.5625
3.44,30281.25,3.44,10143.75,-4.56,548.8281,3.44,49106.25,-4.56,769.1406
3.42,29962.5,3.42,10081.25,-4.58,483.5938,3.42,48590.625,-4.58,878.5156
3.4,29893.75,3.4,10543.75,-4.6,500.7813,3.4,49043.75,-4.6,800
3.38,30171.875,3.38,10171.875,-4.62,455.4688,3.38,49475,-4.62,748.8281
3.36,30637.5,3.36,10115.625,-4.64,384.375,3.36,49100,-4.64,730.4688
3.34,31059.375,3.34,10143.75,-4.66,516.4063,3.34,49837.5,-4.66,634.7656
3.32,30812.5,3.32,10118.75,-4.68,478.5156,3.32,50300,-4.68,607.0313
3.3,31121.875,3.3,10137.5,-4.7,459.7656,3.3,49440.625,-4.7,670.3125
3.28,31715.625,3.28,9862.5,-4.72,518.3594,3.28,50540.625,-4.72,608.9844
3.26,31746.875,3.26,10259.375,-4.74,490.625,3.26,50190.625,-4.74,646.4844
3.24,31346.875,3.24,10071.875,-4.76,564.8438,3.24,50343.75,-4.76,652.3438
3.22,30881.25,3.22,9950,-4.78,534.375,3.22,51309.375,-4.78,643.75
3.2,31106.25,3.2,10359.375,-4.8,526.1719,3.2,50440.625,-4.8,699.6094
3.18,31500,3.18,9853.125,-4.82,581.6406,3.18,50884.375,-4.82,660.5469
3.16,31568.75,3.16,10006.25,-4.84,528.9063,3.16,50475,-4.84,653.9063
3.14,31903.125,3.14,9918.75,-4.86,454.6875,3.14,50784.375,-4.86,669.1406
3.12,31571.875,3.12,9740.625,-4.88,428.5156,3.12,51628.125,-4.88,612.8906
3.1,31909.375,3.1,10193.75,-4.9,496.0938,3.1,51975,-4.9,642.5781
3.08,31940.625,3.08,10512.5,-4.92,458.9844,3.08,51468.75,-4.92,592.5781
3.06,31431.25,3.06,10690.625,-4.94,486.7188,3.06,51796.875,-4.94,644.9219
3.04,32809.375,3.04,10109.375,-4.96,550.7813,3.04,52181.25,-4.96,620.7031
3.02,31331.25,3.02,10137.5,-4.98,432.4219,3.02,51778.125,-4.98,542.1875
3,32021.875,3,10496.875,-5,466.4063,3,51784.375,-5,602.3438
2.98,33040.625,2.98,10575,-5.02,491.7969,2.98,52596.875,-5.02,624.2188
2.96,31918.75,2.96,10428.125,-5.04,468.3594,2.96,52759.375,-5.04,580.8594
2.94,32181.25,2.94,10093.75,-5.06,471.875,2.94,53271.875,-5.06,580.4688
2.92,32890.625,2.92,9918.75,-5.08,485.5469,2.92,53268.75,-5.08,538.2813
2.9,32978.125,2.9,10268.75,-5.1,463.6719,2.9,52815.625,-5.1,525.7813
2.88,33262.5,2.88,10350,-5.12,475.7813,2.88,53709.375,-5.12,536.3281
2.86,32465.625,2.86,10837.5,-5.14,434.7656,2.86,52309.375,-5.14,562.1094
2.84,33181.25,2.84,10453.125,-5.16,467.9688,2.84,53496.875,-5.16,656.25
2.82,32406.25,2.82,10075,-5.18,453.9063,2.82,53250,-5.18,590.625
2.8,32934.375,2.8,10518.75,-5.2,532.8125,2.8,53928.125,-5.2,591.7969
2.78,32975,2.78,10568.75,-5.22,471.0938,2.78,53743.75,-5.22,616.4063
2.76,34400,2.76,10400,-5.24,548.0469,2.76,54153.125,-5.24,537.8906
2.74,34371.875,2.74,10834.375,-5.26,503.5156,2.74,53684.375,-5.26,594.5313
2.72,34356.25,2.72,10381.25,-5.28,416.7969,2.72,54431.25,-5.28,524.2188
2.7,33881.25,2.7,10412.5,-5.3,480.4688,2.7,53840.625,-5.3,593.3594
2.68,33625,2.68,10706.25,-5.32,407.8125,2.68,54178.125,-5.32,612.1094
2.66,34078.125,2.66,10487.5,-5.34,437.8906,2.66,54618.75,-5.34,525
2.64,34162.5,2.64,10712.5,-5.36,444.5313,2.64,54621.875,-5.36,650.3906
2.62,34415.625,2.62,10843.75,-5.38,538.2813,2.62,54506.25,-5.38,595.7031
2.6,34171.875,2.6,10453.125,-5.4,481.6406,2.6,55512.5,-5.4,569.5313
2.58,34806.25,2.58,10668.75,-5.42,485.9375,2.58,54390.625,-5.42,575.7813
2.56,34796.875,2.56,10225,-5.44,497.2656,2.56,55428.125,-5.44,540.625
2.54,35312.5,2.54,10318.75,-5.46,412.8906,2.54,54996.875,-5.46,595.3125
2.52,34768.75,2.52,10781.25,-5.48,460.1563,2.52,55346.875,-5.48,516.4063
2.5,34378.125,2.5,10656.25,-5.5,456.25,2.5,55440.625,-5.5,544.5313
2.48,35284.375,2.48,10646.875,-5.52,462.1094,2.48,55525,-5.52,571.4844
2.46,34893.75,2.46,10878.125,-5.54,462.8906,2.46,55618.75,-5.54,458.9844
2.44,34534.375,2.44,10743.75,-5.56,467.1875,2.44,54890.625,-5.56,578.125
2.42,34962.5,2.42,10571.875,-5.58,438.2813,2.42,55959.375,-5.58,551.1719
2.4,34943.75,2.4,10615.625,-5.6,456.25,2.4,55940.625,-5.6,498.4375
2.38,35712.5,2.38,10562.5,-5.62,409.375,2.38,56140.625,-5.62,596.875
2.36,35575,2.36,10784.375,-5.64,426.1719,2.36,55978.125,-5.64,511.7188
2.34,35790.625,2.34,10781.25,-5.66,411.3281,2.34,56253.125,-5.66,611.7188
2.32,35721.875,2.32,11037.5,-5.68,439.4531,2.32,56612.5,-5.68,557.8125
2.3,35437.5,2.3,10881.25,-5.7,488.2813,2.3,56068.75,-5.7,532.0313
2.28,35825,2.28,10618.75,-5.72,420.7031,2.28,56475,-5.72,510.9375
2.26,35843.75,2.26,10628.125,-5.74,485.9375,2.26,56425,-5.74,483.5938
2.24,35475,2.24,10506.25,-5.76,516.7969,2.24,57400,-5.76,609.375
2.22,36562.5,2.22,10534.375,-5.78,455.4688,2.22,56512.5,-5.78,510.9375
2.2,36575,2.2,11287.5,-5.8,503.9063,2.2,57121.875,-5.8,566.4063
2.18,36328.125,2.18,11190.625,-5.82,500.7813,2.18,55609.375,-5.82,591.7969
2.16,36281.25,2.16,11025,-5.84,461.3281,2.16,57768.75,-5.84,450.3906
2.14,36846.875,2.14,11287.5,-5.86,423.4375,2.14,57612.5,-5.86,551.9531
2.12,36368.75,2.12,10834.375,-5.88,514.4531,2.12,57740.625,-5.88,502.3438
2.1,36312.5,2.1,10628.125,-5.9,406.25,2.1,57556.25,-5.9,478.5156
2.08,37137.5,2.08,10312.5,-5.92,418.75,2.08,57153.125,-5.92,573.0469
2.06,37090.625,2.06,10693.75,-5.94,457.0313,2.06,57409.375,-5.94,500.3906
2.04,36431.25,2.04,10837.5,-5.96,431.6406,2.04,57684.375,-5.96,486.7188
2.02,37318.75,2.02,10556.25,-5.98,471.0938,2.02,57734.375,-5.98,478.125
2,36809.375,2,10434.375,-6,488.6719,2,58737.5,-6,515.625
1.98,36565.625,1.98,10946.875,-6.02,526.9531,1.98,57181.25,-6.02,475.3906
1.96,36821.875,1.96,10953.125,-6.04,412.1094,1.96,56615.625,-6.04,492.9688
1.94,37393.75,1.94,10587.5,-6.06,483.5938,1.94,57043.75,-6.06,580.0781
1.92,37221.875,1.92,11065.625,-6.08,427.3438,1.92,56950,-6.08,518.3594
1.9,37043.75,1.9,10528.125,-6.1,383.5938,1.9,58456.25,-6.1,575
1.88,37875,1.88,10584.375,-6.12,435.1563,1.88,59006.25,-6.12,565.2344
1.86,37353.125,1.86,10725,-6.14,475.7813,1.86,57940.625,-6.14,496.0938
1.84,36834.375,1.84,10534.375,-6.16,447.2656,1.84,58084.375,-6.16,489.0625
1.82,36906.25,1.82,10634.375,-6.18,511.7188,1.82,56921.875,-6.18,536.3281
1.8,37715.625,1.8,10584.375,-6.2,484.7656,1.8,57896.875,-6.2,574.2188
1.78,36475,1.78,10353.125,-6.22,455.0781,1.78,58112.5,-6.22,538.2813
1.76,36653.125,1.76,10362.5,-6.24,430.0781,1.76,57156.25,-6.24,564.0625
1.74,37659.375,1.74,10596.875,-6.26,419.1406,1.74,57759.375,-6.26,483.5938
1.72,37628.125,1.72,10428.125,-6.28,451.9531,1.72,57550,-6.28,475.3906
1.7,37265.625,1.7,10684.375,-6.3,454.2969,1.7,57428.125,-6.3,529.6875
1.68,36703.125,1.68,10512.5,-6.32,426.9531,1.68,57625,-6.32,479.6875
1.66,36946.875,1.66,10103.125,-6.34,480.8594,1.66,57093.75,-6.34,506.6406
1.64,36993.75,1.64,10878.125,-6.36,434.7656,1.64,57621.875,-6.36,559.7656
1.62,37812.5,1.62,10637.5,-6.38,463.6719,1.62,57209.375,-6.38,481.6406
1.6,36768.75,1.6,10640.625,-6.4,527.7344,1.6,56781.25,-6.4,458.2031
1.58,37090.625,1.58,10221.875,-6.42,394.5313,1.58,57575,-6.42,507.4219
1.56,36725,1.56,10225,-6.44,503.9063,1.56,56962.5,-6.44,462.8906
1.54,36934.375,1.54,10234.375,-6.46,398.4375,1.54,57928.125,-6.46,490.625
1.52,36953.125,1.52,10528.125,-6.48,420.7031,1.52,57546.875,-6.48,576.9531
1.5,37121.875,1.5,10340.625,-6.5,481.25,1.5,57281.25,-6.5,503.9063
1.48,36906.25,1.48,10078.125,-6.52,478.125,1.48,57587.5,-6.52,528.125
1.46,36890.625,1.46,10503.125,-6.54,530.8594,1.46,56656.25,-6.54,555.8594
1.44,37587.5,1.44,10343.75,-6.56,472.6563,1.44,56656.25,-6.56,477.3438
1.42,36887.5,1.42,10271.875,-6.58,395.7031,1.42,57709.375,-6.58,556.25
1.4,37481.25,1.4,10625,-6.6,402.7344,1.4,57368.75,-6.6,432.0313
1.38,36990.625,1.38,10168.75,-6.62,387.5,1.38,56690.625,-6.62,432.8125
1.36,36943.75,1.36,10265.625,-6.64,395.7031,1.36,56987.5,-6.64,523.8281
1.34,36684.375,1.34,10137.5,-6.66,485.9375,1.34,56384.375,-6.66,524.6094
1.32,37112.5,1.32,9912.5,-6.68,450.3906,1.32,57450,-6.68,553.9063
1.3,36890.625,1.3,10362.5,-6.7,435.5469,1.3,56531.25,-6.7,514.4531
1.28,36228.125,1.28,10075,-6.72,518.75,1.28,56921.875,-6.72,518.75
1.26,36331.25,1.26,10125,-6.74,529.2969,1.26,57090.625,-6.74,560.5469
1.24,36931.25,1.24,9737.5,-6.76,453.5156,1.24,57034.375,-6.76,465.625
1.22,37206.25,1.22,9837.5,-6.78,504.6875,1.22,56225,-6.78,552.3438
1.2,36615.625,1.2,10034.375,-6.8,456.6406,1.2,57256.25,-6.8,466.4063
1.18,36962.5,1.18,10284.375,-6.82,445.7031,1.18,56909.375,-6.82,521.4844
1.16,36593.75,1.16,9593.75,-6.84,541.0156,1.16,56593.75,-6.84,585.9375
1.14,36393.75,1.14,9878.125,-6.86,449.2188,1.14,56162.5,-6.86,525.7813
1.12,35981.25,1.12,10106.25,-6.88,470.7031,1.12,56693.75,-6.88,552.7344
1.1,35815.625,1.1,10034.375,-6.9,446.0938,1.1,55884.375,-6.9,519.9219
1.08,36396.875,1.08,9628.125,-6.92,433.2031,1.08,55581.25,-6.92,485.9375
1.06,36493.75,1.06,9753.125,-6.94,429.6875,1.06,56284.375,-6.94,512.5
1.04,36265.625,1.04,9575,-6.96,535.1563,1.04,55450,-6.96,508.5938
1.02,36262.5,1.02,9659.375,-6.98,447.6563,1.02,57012.5,-6.98,510.5469
1,36428.125,1,9562.5,-7,525.3906,1,55681.25,-7,501.5625
0.98,36281.25,0.98,9465.625,,,0.98,56075,,
0.96,36018.75,0.96,10165.625,,,0.96,55640.625,,
0.94,35815.625,0.94,9218.75,,,0.94,55668.75,,
0.92,35603.125,0.92,9568.75,,,0.92,55631.25,,
0.9,35750,0.9,9300,,,0.9,55015.625,,
0.88,35668.75,0.88,9325,,,0.88,55203.125,,
0.86,35803.125,0.86,9700,,,0.86,54359.375,,
0.84,35884.375,0.84,9481.25,,,0.84,54859.375,,
0.82,35203.125,0.82,9609.375,,,0.82,54934.375,,
0.8,35262.5,0.8,9593.75,,,0.8,55284.375,,
0.78,35281.25,0.78,9509.375,,,0.78,54906.25,,
0.76,35143.75,0.76,9600,,,0.76,55078.125,,
0.74,34809.375,0.74,9618.75,,,0.74,54028.125,,
0.72,35321.875,0.72,8784.375,,,0.72,53868.75,,
0.7,35303.125,0.7,9428.125,,,0.7,54353.125,,
0.68,35281.25,0.68,9390.625,,,0.68,53884.375,,
0.66,35246.875,0.66,9003.125,,,0.66,54156.25,,
0.64,34431.25,0.64,9028.125,,,0.64,53171.875,,
0.62,34531.25,0.62,8700,,,0.62,53387.5,,
0.6,35815.625,0.6,9228.125,,,0.6,53031.25,,
0.58,34762.5,0.58,8887.5,,,0.58,53862.5,,
0.56,34462.5,0.56,9075,,,0.56,52825,,
0.54,34634.375,0.54,8587.5,,,0.54,52775,,
0.52,34665.625,0.52,9134.375,,,0.52,53384.375,,
0.5,34343.75,0.5,8765.625,,,0.5,52896.875,,
0.48,34550,0.48,8946.875,,,0.48,52300,,
0.46,34109.375,0.46,8662.5,,,0.46,52343.75,,
0.44,34384.375,0.44,8946.875,,,0.44,52800,,
0.42,34715.625,0.42,8756.25,,,0.42,51940.625,,
0.4,34784.375,0.4,8750,,,0.4,52600,,
0.38,34240.625,0.38,8806.25,,,0.38,51362.5,,
0.36,33968.75,0.36,8381.25,,,0.36,52081.25,,
0.34,34143.75,0.34,8581.25,,,0.34,52309.375,,
0.32,33590.625,0.32,8659.375,,,0.32,51878.125,,
0.3,33778.125,0.3,8809.375,,,0.3,51087.5,,
0.28,33631.25,0.28,8393.75,,,0.28,51709.375,,
0.26,33465.625,0.26,8153.125,,,0.26,50600,,
0.24,33215.625,0.24,8487.5,,,0.24,50809.375,,
0.22,33668.75,0.22,8346.875,,,0.22,50371.875,,
0.2,33506.25,0.2,8390.625,,,0.2,50506.25,,
0.18,33784.375,0.18,8321.875,,,0.18,50446.875,,
0.16,33665.625,0.16,8500,,,0.16,49456.25,,
0.14,33009.375,0.14,8228.125,,,0.14,49703.125,,
0.12,32990.625,0.12,8271.875,,,0.12,49675,,
0.1,32478.125,0.1,8275,,,0.1,49218.75,,
0.08,32650,0.08,8043.75,,,0.08,49593.75,,
0.06,33009.375,0.06,8378.125,,,0.06,48443.75,,
0.04,32368.75,0.04,8206.25,,,0.04,49175,,
0.02,32915.625,0.02,7815.625,,,0.02,48803.125,,
0,31931.25,0,8165.625,,,0,47453.125,,
-0.02,32446.875,-0.02,8403.125,,,-0.02,48175,,
-0.04,32325,-0.04,7909.375,,,-0.04,47459.375,,
-0.06,31125,-0.06,7759.375,,,-0.06,47731.25,,
-0.08,31481.25,-0.08,7275,,,-0.08,46618.75,,
-0.1,31146.875,-0.1,8015.625,,,-0.1,46093.75,,
-0.12,31181.25,-0.12,7771.875,,,-0.12,46062.5,,
-0.14,31778.125,-0.14,7878.125,,,-0.14,45621.875,,
-0.16,30637.5,-0.16,7687.5,,,-0.16,45325,,
-0.18,30709.375,-0.18,7343.75,,,-0.18,45459.375,,
-0.2,30150,-0.2,7534.375,,,-0.2,45312.5,,
-0.22,30046.875,-0.22,7440.625,,,-0.22,44793.75,,
-0.24,31021.875,-0.24,7378.125,,,-0.24,44465.625,,
-0.26,30146.875,-0.26,7546.875,,,-0.26,44496.875,,
-0.28,29609.375,-0.28,7328.125,,,-0.28,43956.25,,
-0.3,29628.125,-0.3,7071.875,,,-0.3,43950,,
-0.32,29096.875,-0.32,7218.75,,,-0.32,43734.375,,
-0.34,28625,-0.34,7640.625,,,-0.34,43125,,
-0.36,28568.75,-0.36,7162.5,,,-0.36,42768.75,,
-0.38,29053.125,-0.38,7478.125,,,-0.38,42375,,
-0.4,28668.75,-0.4,7234.375,,,-0.4,42062.5,,
-0.42,28337.5,-0.42,7340.625,,,-0.42,41321.875,,
-0.44,28356.25,-0.44,7046.875,,,-0.44,41112.5,,
-0.46,27803.125,-0.46,6909.375,,,-0.46,40340.625,,
-0.48,27784.375,-0.48,6818.75,,,-0.48,39593.75,,
-0.5,26925,-0.5,6812.5,,,-0.5,39843.75,,
-0.52,27903.125,-0.52,6606.25,,,-0.52,39831.25,,
-0.54,27368.75,-0.54,6843.75,,,-0.54,38646.875,,
-0.56,26903.125,-0.56,6584.375,,,-0.56,38168.75,,
-0.58,26609.375,-0.58,6543.75,,,-0.58,38156.25,,
-0.6,26268.75,-0.6,6437.5,,,-0.6,37956.25,,
-0.62,26125,-0.62,6728.125,,,-0.62,36906.25,,
-0.64,25734.375,-0.64,6062.5,,,-0.64,37359.375,,
-0.66,25546.875,-0.66,6487.5,,,-0.66,36587.5,,
-0.68,25212.5,-0.68,6350,,,-0.68,36018.75,,
-0.7,24709.375,-0.7,6546.875,,,-0.7,35362.5,,
-0.72,24900,-0.72,6409.375,,,-0.72,35821.875,,
-0.74,24590.625,-0.74,6175,,,-0.74,34671.875,,
-0.76,24568.75,-0.76,6371.875,,,-0.76,34012.5,,
-0.78,24243.75,-0.78,6290.625,,,-0.78,33643.75,,
-0.8,24015.625,-0.8,5965.625,,,-0.8,33171.875,,
-0.82,23728.125,-0.82,6162.5,,,-0.82,32796.875,,
-0.84,23584.375,-0.84,5828.125,,,-0.84,32690.625,,
-0.86,22950,-0.86,5890.625,,,-0.86,32021.875,,
-0.88,22790.625,-0.88,5943.75,,,-0.88,31562.5,,
-0.9,22903.125,-0.9,5575,,,-0.9,30950,,
-0.92,22465.625,-0.92,5821.875,,,-0.92,29996.875,,
-0.94,22478.125,-0.94,5681.25,,,-0.94,30606.25,,
-0.96,22315.625,-0.96,5756.25,,,-0.96,29428.125,,
-0.98,22109.375,-0.98,5375,,,-0.98,29637.5,,
-1,22062.5,-1,5387.5,,,-1,28381.25,,
-1.02,21653.125,-1.02,5403.125,,,-1.02,28134.375,,
-1.04,21596.875,-1.04,5481.25,,,-1.04,27846.875,,
-1.06,21171.875,-1.06,5418.75,,,-1.06,27578.125,,
-1.08,21346.875,-1.08,5678.125,,,-1.08,27021.875,,
-1.1,20909.375,-1.1,5443.75,,,-1.1,26756.25,,
-1.12,20475,-1.12,5753.125,,,-1.12,25996.875,,
-1.14,20756.25,-1.14,5256.25,,,-1.14,25034.375,,
-1.16,20059.375,-1.16,5475,,,-1.16,25084.375,,
-1.18,19900,-1.18,5181.25,,,-1.18,25015.625,,
-1.2,20115.625,-1.2,4981.25,,,-1.2,25246.875,,
-1.22,20090.625,-1.22,5531.25,,,-1.22,24137.5,,
-1.24,19275,-1.24,5062.5,,,-1.24,23496.875,,
-1.26,18800,-1.26,4884.375,,,-1.26,23975,,
-1.28,18950,-1.28,4821.875,,,-1.28,23175,,
-1.3,19393.75,-1.3,4493.75,,,-1.3,22828.125,,
-1.32,19068.75,-1.32,4943.75,,,-1.32,22600,,
-1.34,18421.875,-1.34,4771.875,,,-1.34,22106.25,,
-1.36,18190.625,-1.36,4862.5,,,-1.36,21637.5,,
-1.38,18231.25,-1.38,4559.375,,,-1.38,21462.5,,
-1.4,17584.375,-1.4,4343.75,,,-1.4,21190.625,,
-1.42,18056.25,-1.42,4743.75,,,-1.42,20825,,
-1.44,17756.25,-1.44,4368.75,,,-1.44,19731.25,,
-1.46,17453.125,-1.46,4518.75,,,-1.46,20246.875,,
-1.48,17825,-1.48,4496.875,,,-1.48,19912.5,,
-1.5,17762.5,-1.5,4368.75,,,-1.5,20518.75,,
-1.52,17562.5,-1.52,4496.875,,,-1.52,19000,,
-1.54,16978.125,-1.54,4303.125,,,-1.54,19028.125,,
-1.56,17134.375,-1.56,4184.375,,,-1.56,18390.625,,
-1.58,17284.375,-1.58,3578.125,,,-1.58,18393.75,,
-1.6,16040.625,-1.6,4084.375,,,-1.6,18234.375,,
-1.62,16868.75,-1.62,4103.125,,,-1.62,17956.25,,
-1.64,16468.75,-1.64,3953.125,,,-1.64,17500,,
-1.66,15934.375,-1.66,3906.25,,,-1.66,17465.625,,
-1.68,15709.375,-1.68,3559.375,,,-1.68,17534.375,,
-1.7,15759.375,-1.7,3631.25,,,-1.7,17646.875,,
-1.72,15253.125,-1.72,3940.625,,,-1.72,16637.5,,
-1.74,15578.125,-1.74,3853.125,,,-1.74,16018.75,,
-1.76,15431.25,-1.76,3831.25,,,-1.76,16093.75,,
-1.78,14850,-1.78,4000,,,-1.78,16181.25,,
-1.8,14946.875,-1.8,3496.875,,,-1.8,15925,,
-1.82,14562.5,-1.82,3740.625,,,-1.82,15415.625,,
-1.84,14212.5,-1.84,3506.25,,,-1.84,15359.375,,
-1.86,14793.75,-1.86,3662.5,,,-1.86,14771.875,,
-1.88,13803.125,-1.88,3396.875,,,-1.88,14581.25,,
-1.9,14078.125,-1.9,3809.375,,,-1.9,14890.625,,
-1.92,13515.625,-1.92,3678.125,,,-1.92,14468.75,,
-1.94,13425,-1.94,3371.875,,,-1.94,13962.5,,
-1.96,13581.25,-1.96,3156.25,,,-1.96,13909.375,,
-1.98,13134.375,-1.98,3171.875,,,-1.98,13881.25,,
-2,13246.875,-2,3193.75,,,-2,13296.875,,
-2.02,12968.75,-2.02,3025,,,-2.02,13268.75,,
-2.04,12881.25,-2.04,3031.25,,,-2.04,12834.375,,
-2.06,12665.625,-2.06,2696.875,,,-2.06,13137.5,,
-2.08,12290.625,-2.08,2990.625,,,-2.08,13115.625,,
-2.1,11696.875,-2.1,2996.875,,,-2.1,12796.875,,
-2.12,11806.25,-2.12,2809.375,,,-2.12,12800,,
-2.14,11596.875,-2.14,3112.5,,,-2.14,12343.75,,
-2.16,11271.875,-2.16,2928.125,,,-2.16,11956.25,,
-2.18,11459.375,-2.18,2825,,,-2.18,12012.5,,
-2.2,11118.75,-2.2,2665.625,,,-2.2,11456.25,,
-2.22,11053.125,-2.22,2640.625,,,-2.22,11612.5,,
-2.24,11050,-2.24,2587.5,,,-2.24,11212.5,,
-2.26,10468.75,-2.26,2671.875,,,-2.26,11215.625,,
-2.28,10387.5,-2.28,2543.75,,,-2.28,10709.375,,
-2.3,10250,-2.3,2406.25,,,-2.3,10665.625,,
-2.32,10040.625,-2.32,2503.125,,,-2.32,10378.125,,
-2.34,9956.25,-2.34,2456.25,,,-2.34,10056.25,,
-2.36,9553.125,-2.36,2587.5,,,-2.36,10050,,
-2.38,9925,-2.38,2334.375,,,-2.38,10000,,
-2.4,9150,-2.4,2315.625,,,-2.4,9565.625,,
-2.42,9290.625,-2.42,2540.625,,,-2.42,9290.625,,
-2.44,8659.375,-2.44,2078.125,,,-2.44,9312.5,,
-2.46,8868.75,-2.46,2256.25,,,-2.46,8850,,
-2.48,8615.625,-2.48,2259.375,,,-2.48,8621.875,,
-2.5,8121.875,-2.5,2106.25,,,-2.5,8565.625,,
-2.52,8243.75,-2.52,2084.375,,,-2.52,8065.625,,
-2.54,7625,-2.54,2084.375,,,-2.54,8531.25,,
-2.56,7521.875,-2.56,1959.375,,,-2.56,8378.125,,
-2.58,7503.125,-2.58,1868.75,,,-2.58,7481.25,,
-2.6,7409.375,-2.6,1921.875,,,-2.6,7609.375,,
-2.62,7143.75,-2.62,1906.25,,,-2.62,7159.375,,
-2.64,7103.125,-2.64,1918.75,,,-2.64,7162.5,,
-2.66,6853.125,-2.66,1728.125,,,-2.66,7043.75,,
-2.68,6465.625,-2.68,1703.125,,,-2.68,7231.25,,
-2.7,6112.5,-2.7,1725,,,-2.7,7118.75,,
-2.72,6362.5,-2.72,1709.375,,,-2.72,7028.125,,
-2.74,6090.625,-2.74,1643.75,,,-2.74,6575,,
-2.76,6000,-2.76,1634.375,,,-2.76,5965.625,,
-2.78,6015.625,-2.78,1640.625,,,-2.78,6065.625,,
-2.8,5565.625,-2.8,1700,,,-2.8,5962.5,,
-2.82,5584.375,-2.82,1468.75,,,-2.82,5956.25,,
-2.84,5259.375,-2.84,1550,,,-2.84,5821.875,,
-2.86,4943.75,-2.86,1321.875,,,-2.86,5643.75,,
-2.88,5165.625,-2.88,1506.25,,,-2.88,5356.25,,
-2.9,4784.375,-2.9,1265.625,,,-2.9,5259.375,,
-2.92,4565.625,-2.92,1346.875,,,-2.92,4621.875,,
-2.94,4359.375,-2.94,1412.5,,,-2.94,4815.625,,
-2.96,4350,-2.96,1200,,,-2.96,4834.375,,
-2.98,3871.875,-2.98,1187.5,,,-2.98,4731.25,,
-3,3859.375,-3,1231.25,,,-3,4612.5,,
-3.02,3890.625,-3.02,1093.75,,,-3.02,4050,,
-3.04,4068.75,-3.04,906.25,,,-3.04,4315.625,,
-3.06,4040.625,-3.06,1050,,,-3.06,3928.125,,
-3.08,3871.875,-3.08,1109.375,,,-3.08,3943.75,,
-3.1,3740.625,-3.1,1115.625,,,-3.1,3915.625,,
-3.12,3281.25,-3.12,1275,,,-3.12,3812.5,,
-3.14,3125,-3.14,1053.125,,,-3.14,3606.25,,
-3.16,2984.375,-3.16,1081.25,,,-3.16,3540.625,,
-3.18,2956.25,-3.18,909.375,,,-3.18,3315.625,,
-3.2,3006.25,-3.2,893.75,,,-3.2,3003.125,,
-3.22,2868.75,-3.22,856.25,,,-3.22,2943.75,,
-3.24,2887.5,-3.24,937.5,,,-3.24,2878.125,,
-3.26,2596.875,-3.26,890.625,,,-3.26,2853.125,,
-3.28,2493.75,-3.28,559.375,,,-3.28,2937.5,,
-3.3,2475,-3.3,731.25,,,-3.3,2859.375,,
-3.32,2168.75,-3.32,825,,,-3.32,2931.25,,
-3.34,2050,-3.34,768.75,,,-3.34,2640.625,,
-3.36,2087.5,-3.36,696.875,,,-3.36,2978.125,,
-3.38,2059.375,-3.38,800,,,-3.38,2543.75,,
-3.4,2087.5,-3.4,737.5,,,-3.4,2496.875,,
-3.42,1846.875,-3.42,746.875,,,-3.42,2787.5,,
-3.44,1634.375,-3.44,1012.5,,,-3.44,2281.25,,
-3.46,1943.75,-3.46,703.125,,,-3.46,2375,,
-3.48,2240.625,-3.48,728.125,,,-3.48,2212.5,,
-3.5,1912.5,-3.5,959.375,,,-3.5,2243.75,,
-3.52,2090.625,-3.52,646.875,,,-3.52,2256.25,,
-3.54,1693.75,-3.54,646.875,,,-3.54,1990.625,,
-3.56,1321.875,-3.56,646.875,,,-3.56,2084.375,,
-3.58,1371.875,-3.58,590.625,,,-3.58,1818.75,,
-3.6,1600,-3.6,631.25,,,-3.6,1918.75,,
-3.62,1603.125,-3.62,818.75,,,-3.62,2100,,
-3.64,1446.875,-3.64,809.375,,,-3.64,1890.625,,
-3.66,1484.375,-3.66,568.75,,,-3.66,1959.375,,
-3.68,1128.125,-3.68,565.625,,,-3.68,1856.25,,
-3.7,1087.5,-3.7,609.375,,,-3.7,1825,,
-3.72,1246.875,-3.72,562.5,,,-3.72,1790.625,,
-3.74,1346.875,-3.74,550,,,-3.74,1803.125,,
-3.76,1206.25,-3.76,621.875,,,-3.76,1740.625,,
-3.78,1215.625,-3.78,278.125,,,-3.78,1628.125,,
-3.8,918.75,-3.8,565.625,,,-3.8,1665.625,,
-3.82,959.375,-3.82,553.125,,,-3.82,1765.625,,
-3.84,1062.5,-3.84,762.5,,,-3.84,1403.125,,
-3.86,1056.25,-3.86,775,,,-3.86,1615.625,,
-3.88,965.625,-3.88,537.5,,,-3.88,1412.5,,
-3.9,1015.625,-3.9,750,,,-3.9,1268.75,,
-3.92,825,-3.92,525,,,-3.92,1346.875,,
-3.94,984.375,-3.94,525,,,-3.94,1031.25,,
-3.96,943.75,-3.96,434.375,,,-3.96,1390.625,,
-3.98,1000,-3.98,537.5,,,-3.98,1265.625,,
-4,931.25,-4,775,,,-4,1187.5,,
-4.02,615.625,-4.02,781.25,,,-4.02,1271.875,,
-4.04,853.125,-4.04,987.5,,,-4.04,1171.875,,
-4.06,837.5,-4.06,712.5,,,-4.06,1237.5,,
-4.08,871.875,-4.08,475,,,-4.08,950,,
-4.1,850,-4.1,671.875,,,-4.1,900,,
-4.12,568.75,-4.12,462.5,,,-4.12,1012.5,,
-4.14,856.25,-4.14,487.5,,,-4.14,887.5,,
-4.16,834.375,-4.16,446.875,,,-4.16,1171.875,,
-4.18,746.875,-4.18,453.125,,,-4.18,1093.75,,
-4.2,978.125,-4.2,434.375,,,-4.2,1093.75,,
-4.22,750,-4.22,400,,,-4.22,1021.875,,
-4.24,759.375,-4.24,609.375,,,-4.24,1087.5,,
-4.26,971.875,-4.26,368.75,,,-4.26,1212.5,,
-4.28,696.875,-4.28,371.875,,,-4.28,975,,
-4.3,675,-4.3,390.625,,,-4.3,1018.75,,
-4.32,615.625,-4.32,396.875,,,-4.32,956.25,,
-4.34,371.875,-4.34,415.625,,,-4.34,906.25,,
-4.36,428.125,-4.36,337.5,,,-4.36,1181.25,,
-4.38,665.625,-4.38,634.375,,,-4.38,1137.5,,
-4.4,628.125,-4.4,403.125,,,-4.4,1171.875,,
-4.42,600,-4.42,368.75,,,-4.42,853.125,,
-4.44,859.375,-4.44,421.875,,,-4.44,968.75,,
-4.46,584.375,-4.46,371.875,,,-4.46,837.5,,
-4.48,621.875,-4.48,375,,,-4.48,896.875,,
-4.5,568.75,-4.5,390.625,,,-4.5,925,,
-4.52,368.75,-4.52,387.5,,,-4.52,865.625,,
-4.54,550,-4.54,159.375,,,-4.54,925,,
-4.56,606.25,-4.56,396.875,,,-4.56,659.375,,
-4.58,515.625,-4.58,393.75,,,-4.58,696.875,,
-4.6,493.75,-4.6,368.75,,,-4.6,359.375,,
-4.62,262.5,-4.62,384.375,,,-4.62,634.375,,
-4.64,553.125,-4.64,156.25,,,-4.64,659.375,,
-4.66,509.375,-4.66,365.625,,,-4.66,809.375,,
-4.68,468.75,-4.68,409.375,,,-4.68,759.375,,
-4.7,478.125,-4.7,418.75,,,-4.7,775,,
-4.72,228.125,-4.72,593.75,,,-4.72,712.5,,
-4.74,443.75,-4.74,346.875,,,-4.74,528.125,,
-4.76,478.125,-4.76,368.75,,,-4.76,790.625,,
-4.78,493.75,-4.78,378.125,,,-4.78,546.875,,
-4.8,528.125,-4.8,340.625,,,-4.8,812.5,,
-4.82,240.625,-4.82,356.25,,,-4.82,790.625,,
-4.84,221.875,-4.84,584.375,,,-4.84,725,,
-4.86,434.375,-4.86,562.5,,,-4.86,687.5,,
-4.88,471.875,-4.88,340.625,,,-4.88,531.25,,
-4.9,456.25,-4.9,346.875,,,-4.9,543.75,,
-4.92,696.875,-4.92,375,,,-4.92,518.75,,
-4.94,409.375,-4.94,365.625,,,-4.94,553.125,,
-4.96,400,-4.96,362.5,,,-4.96,734.375,,
-4.98,415.625,-4.98,359.375,,,-4.98,818.75,,
-5,206.25,-5,112.5,,,-5,815.625,,
-5.02,184.375,-5.02,384.375,,,-5.02,709.375,,
-5.04,184.375,-5.04,356.25,,,-5.04,521.875,,
-5.06,415.625,-5.06,350,,,-5.06,762.5,,
-5.08,431.25,-5.08,353.125,,,-5.08,518.75,,
-5.1,656.25,-5.1,365.625,,,-5.1,450,,
-5.12,681.25,-5.12,387.5,,,-5.12,675,,
-5.14,365.625,-5.14,362.5,,,-5.14,721.875,,
-5.16,387.5,-5.16,612.5,,,-5.16,743.75,,
-5.18,362.5,-5.18,375,,,-5.18,653.125,,
-5.2,353.125,-5.2,337.5,,,-5.2,471.875,,
-5.22,406.25,-5.22,581.25,,,-5.22,525,,
-5.24,393.75,-5.24,334.375,,,-5.24,753.125,,
-5.26,150,-5.26,350,,,-5.26,696.875,,
-5.28,393.75,-5.28,359.375,,,-5.28,912.5,,
-5.3,415.625,-5.3,343.75,,,-5.3,684.375,,
-5.32,356.25,-5.32,328.125,,,-5.32,462.5,,
-5.34,381.25,-5.34,359.375,,,-5.34,406.25,,
-5.36,125,-5.36,340.625,,,-5.36,450,,
-5.38,153.125,-5.38,340.625,,,-5.38,456.25,,
-5.4,353.125,-5.4,362.5,,,-5.4,665.625,,
-5.42,384.375,-5.42,371.875,,,-5.42,912.5,,
-5.44,375,-5.44,618.75,,,-5.44,678.125,,
-5.46,375,-5.46,325,,,-5.46,659.375,,
-5.48,131.25,-5.48,334.375,,,-5.48,440.625,,
-5.5,146.875,-5.5,328.125,,,-5.5,475,,
-5.52,165.625,-5.52,109.375,,,-5.52,475,,
-5.54,128.125,-5.54,400,,,-5.54,453.125,,
-5.56,421.875,-5.56,337.5,,,-5.56,437.5,,
-5.58,412.5,-5.58,350,,,-5.58,468.75,,
-5.6,384.375,-5.6,350,,,-5.6,446.875,,
-5.62,596.875,-5.62,106.25,,,-5.62,737.5,,
-5.64,378.125,-5.64,375,,,-5.64,912.5,,
-5.66,368.75,-5.66,396.875,,,-5.66,637.5,,
-5.68,337.5,-5.68,365.625,,,-5.68,696.875,,
-5.7,350,-5.7,371.875,,,-5.7,434.375,,
-5.72,356.25,-5.72,125,,,-5.72,731.25,,
-5.74,353.125,-5.74,346.875,,,-5.74,759.375,,
-5.76,315.625,-5.76,353.125,,,-5.76,953.125,,
-5.78,93.75,-5.78,368.75,,,-5.78,915.625,,
-5.8,93.75,-5.8,381.25,,,-5.8,643.75,,
-5.82,165.625,-5.82,121.875,,,-5.82,637.5,,
-5.84,131.25,-5.84,375,,,-5.84,700,,
-5.86,393.75,-5.86,343.75,,,-5.86,690.625,,
-5.88,362.5,-5.88,368.75,,,-5.88,681.25,,
-5.9,378.125,-5.9,381.25,,,-5.9,640.625,,
-5.92,368.75,-5.92,356.25,,,-5.92,640.625,,
-5.94,112.5,-5.94,350,,,-5.94,675,,
-5.96,318.75,-5.96,606.25,,,-5.96,634.375,,
-5.98,615.625,-5.98,628.125,,,-5.98,631.25,,
-6,600,-6,650,,,-6,675,,
-6.02,606.25,-6.02,659.375,,,-6.02,646.875,,
-6.04,625,-6.04,387.5,,,-6.04,693.75,,
-6.06,346.875,-6.06,575,,,-6.06,668.75,,
-6.08,356.25,-6.08,300,,,-6.08,462.5,,
-6.1,362.5,-6.1,315.625,,,-6.1,434.375,,
-6.12,93.75,-6.12,550,,,-6.12,415.625,,
-6.14,131.25,-6.14,315.625,,,-6.14,409.375,,
-6.16,121.875,-6.16,337.5,,,-6.16,665.625,,
-6.18,93.75,-6.18,306.25,,,-6.18,662.5,,
-6.2,346.875,-6.2,340.625,,,-6.2,453.125,,
-6.22,353.125,-6.22,334.375,,,-6.22,731.25,,
-6.24,318.75,-6.24,559.375,,,-6.24,412.5,,
-6.26,593.75,-6.26,559.375,,,-6.26,709.375,,
-6.28,334.375,-6.28,515.625,,,-6.28,684.375,,
-6.3,343.75,-6.3,534.375,,,-6.3,634.375,,
-6.32,340.625,-6.32,334.375,,,-6.32,668.75,,
-6.34,103.125,-6.34,318.75,,,-6.34,590.625,,
-6.36,96.875,-6.36,103.125,,,-6.36,621.875,,
-6.38,365.625,-6.38,328.125,,,-6.38,418.75,,
-6.4,343.75,-6.4,337.5,,,-6.4,425,,
-6.42,350,-6.42,334.375,,,-6.42,262.5,,
-6.44,356.25,-6.44,340.625,,,-6.44,203.125,,
-6.46,84.375,-6.46,303.125,,,-6.46,440.625,,
-6.48,121.875,-6.48,306.25,,,-6.48,712.5,,
-6.5,87.5,-6.5,375,,,-6.5,681.25,,
-6.52,353.125,-6.52,353.125,,,-6.52,903.125,,
-6.54,362.5,-6.54,334.375,,,-6.54,615.625,,
-6.56,584.375,-6.56,321.875,,,-6.56,603.125,,
-6.58,578.125,-6.58,331.25,,,-6.58,625,,
-6.6,315.625,-6.6,565.625,,,-6.6,593.75,,
-6.62,303.125,-6.62,303.125,,,-6.62,556.25,,
-6.64,131.25,-6.64,593.75,,,-6.64,603.125,,
-6.66,103.125,-6.66,537.5,,,-6.66,618.75,,
-6.68,328.125,-6.68,296.875,,,-6.68,687.5,,
-6.7,296.875,-6.7,540.625,,,-6.7,700,,
-6.72,328.125,-6.72,300,,,-6.72,437.5,,
-6.74,362.5,-6.74,346.875,,,-6.74,381.25,,
-6.76,115.625,-6.76,571.875,,,-6.76,421.875,,
-6.78,78.125,-6.78,362.5,,,-6.78,409.375,,
-6.8,125,-6.8,334.375,,,-6.8,612.5,,
-6.82,346.875,-6.82,346.875,,,-6.82,631.25,,
-6.84,359.375,-6.84,318.75,,,-6.84,618.75,,
-6.86,365.625,-6.86,346.875,,,-6.86,846.875,,
-6.88,346.875,-6.88,337.5,,,-6.88,600,,
-6.9,343.75,-6.9,306.25,,,-6.9,606.25,,
-6.92,353.125,-6.92,346.875,,,-6.92,593.75,,
-6.94,378.125,-6.94,343.75,,,-6.94,390.625,,
-6.96,331.25,-6.96,356.25,,,-6.96,406.25,,
-6.98,121.875,-6.98,562.5,,,-6.98,615.625,,
-7,300,-7,296.875,,,-7,421.875,,
