e,xmu,bkg,pre_edge,post_edge,der,sec,chie
6213.4561,0.1290352,0.1290352,0.12623748,0.51245675,8.88E-05,-2.54E-06,0
6219.2095,0.12954639,0.12954639,0.12672263,0.51268993,7.42E-05,-1.97E-06,0
6224.9751,0.12989012,0.12989012,0.12720881,0.51292569,6.61E-05,-5.44E-09,0
6230.7593,0.13031013,0.13031013,0.12769656,0.51316432,7.42E-05,7.45E-07,0
6236.4192,0.13073875,0.13073875,0.12817382,0.51339986,7.47E-05,-1.04E-08,0
6242.115,0.13115789,0.13115789,0.12865411,0.51363893,7.40E-05,-2.16E-07,0
6247.9869,0.13159519,0.13159519,0.12914925,0.51388754,7.22E-05,-5.48E-07,0
6253.8607,0.13200546,0.13200546,0.12964455,0.51413841,6.76E-05,-6.25E-07,0
6259.5858,0.13237931,0.13237931,0.13012732,0.51438501,6.49E-05,1.36E-07,0
6265.3509,0.13275129,0.13275129,0.13061346,0.51463543,6.92E-05,8.51E-07,0
6271.2881,0.13318876,0.13318876,0.13111411,0.51489551,7.49E-05,6.96E-07,0
6277.0638,0.13362828,0.13362828,0.13160113,0.51515066,7.73E-05,-4.01E-07,0
6282.8421,0.13408213,0.13408213,0.13208838,0.51540801,7.02E-05,-1.78E-06,0
6288.7995,0.13445265,0.13445265,0.13259073,0.51567555,5.65E-05,-2.57E-07,0
6294.7678,0.13475549,0.13475549,0.133094,0.51594583,6.72E-05,1.92E-06,0
6300.5787,0.13524395,0.13524395,0.133584,0.51621113,7.91E-05,3.95E-07,0
6306.3796,0.1356741,0.1356741,0.13407316,0.51647811,7.18E-05,-2.06E-06,0
6312.3714,0.13609032,0.13609032,0.1345784,0.51675609,5.49E-05,-2.30E-06,0
6318.372,0.13633209,0.13633209,0.1350844,0.51703675,4.42E-05,1.72E-06,0
6324.3719,0.13662112,0.13662112,0.13559034,0.51731965,7.56E-05,4.69E-06,0
6330.2072,0.13722626,0.13722626,0.13608239,0.51759696,9.97E-05,1.21E-07,0
6336.0569,0.13778631,0.13778631,0.13657566,0.51787711,7.70E-05,-2.67E-06,0
6342.1056,0.13814202,0.13814202,0.13708571,0.51816906,6.80E-05,-5.70E-07,0
6348.1765,0.13860985,0.13860985,0.13759763,0.51846441,7.01E-05,-1.90E-07,0
6354.0752,0.13898055,0.13898055,0.13809503,0.5187536,6.57E-05,8.43E-07,0
6359.9742,0.13938463,0.13938463,0.13859246,0.519045,8.00E-05,7.63E-07,0
6366.0657,0.13993986,0.13993986,0.13910612,0.51934821,7.48E-05,-4.15E-07,0
6372.1707,0.1402971,0.1402971,0.13962091,0.51965444,7.49E-05,8.91E-07,0
6378.1219,0.14084345,0.14084345,0.14012275,0.51995522,8.56E-05,-4.91E-08,0
6384.056,0.14131399,0.14131399,0.14062313,0.52025735,7.44E-05,-1.25E-06,0
6390.1792,0.14174009,0.14174009,0.14113947,0.52057145,7.04E-05,-1.24E-07,0
6396.3252,0.14217827,0.14217827,0.14165772,0.52088908,7.28E-05,2.03E-08,0
6402.4844,0.14263642,0.14263642,0.14217709,0.52120979,7.07E-05,-3.67E-07,0
6408.4683,0.1430367,0.1430367,0.14268167,0.52152367,6.84E-05,4.17E-08,0
6414.4709,0.14345609,0.14345609,0.14318784,0.52184079,7.12E-05,7.66E-07,0
6420.672,0.14390551,0.14390551,0.14371073,0.52217078,7.77E-05,2.58E-07,0
6426.898,0.14442204,0.14442204,0.14423574,0.52250454,7.44E-05,-2.38E-07,0
6432.9589,0.1448196,0.1448196,0.14474681,0.52283179,7.48E-05,7.51E-07,0
6439.0277,0.1453294,0.1453294,0.14525856,0.52316179,8.35E-05,-3.01E-07,0
6445.3155,0.1458514,0.1458514,0.14578877,0.52350615,7.11E-05,-1.64E-06,0
6451.6271,0.14622505,0.14622505,0.14632099,0.52385432,6.28E-05,3.64E-07,0
6457.7758,0.1466339,0.1466339,0.14683947,0.52419592,7.56E-05,2.01E-06,0
6463.9452,0.14715653,0.14715653,0.1473597,0.52454107,8.75E-05,3.86E-07,0
6470.0998,0.14771251,0.14771251,0.14787868,0.52488777,8.04E-05,-9.26E-07,0
6476.2716,0.14814724,0.14814724,0.14839911,0.52523785,7.61E-05,4.56E-07,0
6482.6317,0.14866627,0.14866627,0.14893541,0.52560111,8.61E-05,6.50E-07,0
6488.8072,0.14922639,0.14922639,0.14945616,0.52595628,8.43E-05,-3.21E-07,0
6495.0038,0.14970871,0.14970871,0.14997868,0.52631507,8.21E-05,-4.07E-07,0
6499.984,0.15014416,0.15014416,0.15039863,0.52660519,7.97E-05,-1.48E-06,0
6501.8179,0.15025187,0.15025187,0.15055328,0.52671242,7.20E-05,2.02E-04,0
6502.0082,0.15028989,0.15028989,0.15056932,0.52672355,4.89E-04,4.63E-04,0
6502.3673,0.15052045,0.15052045,0.1505996,0.52674458,3.26E-04,-6.67E-04,0
6502.8634,0.15056906,0.15056906,0.15064143,0.52677364,-8.16E-05,-5.12E-04,0
6503.324,0.15044237,0.15044237,0.15068027,0.52680063,-1.63E-04,1.47E-04,0
6503.6405,0.15044222,0.15044222,0.15070696,0.52681919,3.24E-05,5.26E-04,0
6503.9963,0.15046415,0.15046415,0.15073696,0.52684006,1.90E-04,3.58E-04,0
6504.3912,0.15058502,0.15058502,0.15077026,0.52686323,3.01E-04,-1.67E-04,0
6504.7862,0.15070189,0.15070189,0.15080357,0.52688642,5.86E-05,-5.14E-04,0
6505.1812,0.15063133,0.15063133,0.15083688,0.52690962,-1.05E-04,-1.34E-05,0
6505.3717,0.15064025,0.15064025,0.15085294,0.5269208,5.08E-05,1.41E-03,0
6505.5621,0.15065067,0.15065067,0.150869,0.52693199,4.33E-04,1.51E-04,0
6505.9216,0.15087842,0.15087842,0.15089931,0.52695312,1.34E-04,-7.57E-04,0
6506.4165,0.1507648,0.1507648,0.15094104,0.52698222,-2.14E-04,-2.54E-04,0
6506.8758,0.15067449,0.15067449,0.15097978,0.52700925,-1.09E-04,1.58E-05,0
6507.1963,0.15068002,0.15068002,0.1510068,0.52702811,-2.01E-04,5.03E-04,0
6507.5525,0.1505382,0.1505382,0.15103684,0.52704908,2.32E-04,8.26E-04,0
6507.9479,0.15085427,0.15085427,0.15107018,0.52707237,4.19E-04,-7.64E-05,0
6508.3469,0.15087115,0.15087115,0.15110382,0.52709588,1.71E-04,-3.22E-04,0
6508.7424,0.15099025,0.15099025,0.15113717,0.52711919,1.63E-04,-4.99E-04,0
6508.933,0.1509669,0.1509669,0.15115325,0.52713044,-1.21E-04,-3.33E-04,0
6509.1237,0.15094405,0.15094405,0.15116932,0.52714168,3.66E-05,4.66E-04,0
6509.4836,0.15098703,0.15098703,0.15119967,0.52716292,1.35E-04,9.22E-05,0
6509.9808,0.15105989,0.15105989,0.1512416,0.52719227,1.16E-04,-1.54E-04,0
6510.446,0.15109832,0.15109832,0.15128083,0.52721974,-1.32E-05,-1.23E-04,0
6510.7669,0.15104949,0.15104949,0.15130789,0.5272387,1.89E-05,5.22E-04,0
6511.1235,0.15111111,0.15111111,0.15133796,0.52725977,3.40E-04,1.63E-04,0
6511.5229,0.15130665,0.15130665,0.15137164,0.52728339,1.42E-04,-4.84E-04,0
6511.9188,0.15122397,0.15122397,0.15140502,0.5273068,-4.49E-05,1.08E-04,0
6512.1168,0.15127997,0.15127997,0.15142171,0.52731852,2.06E-04,2.03E-04,0
6512.3147,0.15130556,0.15130556,0.15143841,0.52733023,3.56E-05,1.57E-04,0
6512.6965,0.15130063,0.15130063,0.15147059,0.52735283,2.97E-04,1.76E-04,0
6513.0568,0.1515262,0.1515262,0.15150098,0.52737417,1.66E-04,-2.74E-04,0
6513.551,0.15144246,0.15144246,0.15154266,0.52740346,6.35E-05,-1.34E-04,0
6514.0132,0.15158695,0.15158695,0.15158163,0.52743086,3.74E-05,-1.37E-04,0
6514.3345,0.15147174,0.15147174,0.15160872,0.52744991,-4.42E-05,2.49E-04,0
6514.6879,0.15155716,0.15155716,0.15163852,0.52747088,2.05E-04,4.40E-04,0
6515.0878,0.15162633,0.15162633,0.15167224,0.52749461,2.88E-04,-2.65E-04,0
6515.4841,0.15178612,0.15178612,0.15170566,0.52751814,-5.88E-06,-4.60E-04,0
6515.8805,0.15162167,0.15162167,0.15173909,0.52754169,-7.68E-05,9.98E-04,0
6516.0716,0.15174102,0.15174102,0.1517552,0.52755304,5.80E-04,-1.45E-05,0
6516.2627,0.15184343,0.15184343,0.15177131,0.5275644,-8.23E-05,-9.86E-04,0
6516.6234,0.15169559,0.15169559,0.15180173,0.52758585,3.63E-05,4.79E-04,0
6517.1218,0.15187464,0.15187464,0.15184376,0.52761549,3.29E-04,3.35E-04,0
6517.5845,0.15201209,0.15201209,0.15188278,0.52764302,3.59E-04,-8.87E-05,0
6517.9026,0.15215472,0.15215472,0.1519096,0.52766195,2.60E-04,-6.26E-04,0
6518.26,0.15218775,0.15218775,0.15193973,0.52768324,-6.39E-05,-1.56E-04,0
6518.6567,0.1521065,0.1521065,0.15197319,0.52770688,1.42E-04,4.12E-04,0
6519.0535,0.15230048,0.15230048,0.15200665,0.52773053,2.63E-04,7.00E-05,0
6519.454,0.15231635,0.15231635,0.15204041,0.5277544,1.98E-04,2.99E-04,0
6519.6453,0.15241758,0.15241758,0.15205654,0.52776581,4.40E-04,-1.26E-03,0
6519.8366,0.15248467,0.15248467,0.15207268,0.52777722,-2.84E-04,-7.63E-04,0
6520.2013,0.15225993,0.15225993,0.15210344,0.52779899,1.57E-05,6.51E-04,0
6520.6985,0.15249818,0.15249818,0.15214536,0.52782867,2.78E-04,1.20E-04,0
6521.1635,0.15252704,0.15252704,0.15218457,0.52785645,1.32E-04,7.29E-05,0
6521.4855,0.15260176,0.15260176,0.15221172,0.52787569,3.35E-04,1.26E-04,0
6521.8398,0.15275356,0.15275356,0.15224159,0.52789687,2.17E-04,-3.20E-04,0
6522.2405,0.15276564,0.15276564,0.15227539,0.52792083,9.30E-05,-8.18E-05,0
6522.6342,0.15282747,0.15282747,0.15230859,0.52794439,1.52E-04,7.06E-05,0
6523.0315,0.15288591,0.15288591,0.15234209,0.52796817,1.49E-04,3.14E-05,0
6523.2248,0.15291541,0.15291541,0.15235839,0.52797974,1.71E-04,2.40E-04,0
6523.4182,0.15295187,0.15295187,0.15237469,0.52799132,2.42E-04,-4.86E-05,0
6523.7762,0.15304865,0.15304865,0.15240488,0.52801276,1.44E-04,-2.48E-04,0
6524.2757,0.15307519,0.15307519,0.152447,0.5280427,2.88E-05,-8.40E-06,0
6524.7359,0.15307628,0.15307628,0.15248581,0.52807029,1.36E-04,2.41E-04,0
6525.0547,0.15318093,0.15318093,0.15251269,0.52808941,2.17E-04,-1.43E-04,0
6525.4129,0.15322286,0.15322286,0.1525429,0.5281109,3.90E-05,-1.15E-04,0
6525.8106,0.15321037,0.15321037,0.15257643,0.52813477,1.29E-04,2.56E-04,0
6526.2083,0.15332582,0.15332582,0.15260997,0.52815866,2.43E-04,2.04E-04,0
6526.6097,0.15340417,0.15340417,0.15264381,0.52818277,2.93E-04,3.49E-04,0
6526.7996,0.15349883,0.15349883,0.15265983,0.52819419,4.49E-04,-2.15E-04,0
6526.9896,0.15357474,0.15357474,0.15267585,0.5282056,2.11E-04,-3.67E-04,0
6527.3516,0.15361521,0.15361521,0.15270637,0.52822737,2.47E-04,1.26E-04,0
6527.8517,0.1537873,0.1537873,0.15274854,0.52825745,3.19E-04,-7.30E-05,0
6528.3196,0.1539243,0.1539243,0.152788,0.52828561,1.76E-04,1.59E-04,0
6528.6387,0.15392574,0.15392574,0.15281491,0.52830483,4.45E-04,-3.11E-04,0
6528.9938,0.15422418,0.15422418,0.15284485,0.52832621,-3.37E-05,-7.02E-04,0
6529.3955,0.15390025,0.15390025,0.15287872,0.52835042,-8.64E-05,7.04E-04,0
6529.7937,0.15415504,0.15415504,0.1529123,0.52837442,5.30E-04,5.23E-04,0
6530.1919,0.15432202,0.15432202,0.15294588,0.52839843,3.30E-04,-5.63E-04,0
6530.3857,0.15435041,0.15435041,0.15296222,0.52841012,1.97E-04,6.66E-04,0
6530.5794,0.1543982,0.1543982,0.15297856,0.52842181,5.88E-04,1.34E-04,0
6530.9455,0.15467957,0.15467957,0.15300942,0.5284439,2.72E-04,-4.57E-04,0
6531.4425,0.15463258,0.15463258,0.15305134,0.52847391,1.94E-04,3.50E-04,0
6531.9074,0.15486572,0.15486572,0.15309054,0.528502,6.08E-04,4.99E-04,0
6532.2269,0.15510959,0.15510959,0.15311748,0.5285213,5.85E-04,-7.94E-05,0
6532.586,0.15526242,0.15526242,0.15314775,0.52854301,5.54E-04,-1.84E-04,0
6532.9845,0.15552954,0.15552954,0.15318137,0.52856712,4.45E-04,-2.17E-04,0
6533.3832,0.1556171,0.1556171,0.15321498,0.52859124,3.81E-04,1.19E-04,0
6533.7819,0.15583361,0.15583361,0.1532486,0.52861537,5.40E-04,2.41E-04,0
6533.9723,0.15593496,0.15593496,0.15326465,0.5286269,5.24E-04,1.47E-03,0
6534.1627,0.15603295,0.15603295,0.15328071,0.52863843,1.10E-03,1.30E-03,0
6534.5255,0.15654415,0.15654415,0.15331131,0.52866041,1.24E-03,6.08E-04,0
6535.0268,0.15710546,0.15710546,0.15335357,0.52869079,1.63E-03,1.44E-03,0
6535.4922,0.15811658,0.15811658,0.15339282,0.52871901,2.63E-03,3.28E-03,0
6535.812,0.15917245,0.15917245,0.15341979,0.52873841,4.20E-03,4.07E-03,0
6536.1679,0.16095504,0.16095504,0.1534498,0.52876,5.39E-03,3.56E-03,0
6536.567,0.16323825,0.16323825,0.15348345,0.52878423,6.88E-03,4.27E-03,0
6536.9661,0.16644969,0.16644969,0.1535171,0.52880847,8.79E-03,3.26E-03,0
6537.3652,0.17025516,0.17025516,0.15355076,0.52883272,9.48E-03,9.32E-04,0
6537.5576,0.17205918,0.17205918,0.15356698,0.52884441,9.34E-03,-6.22E-03,0
6537.75,0.17384995,0.17384995,0.15358321,0.52885611,7.09E-03,-5.69E-03,0
6538.286,0.17722229,0.17722229,0.1536284,0.5288887,5.20E-03,-2.80E-03,0
6538.7716,0.17915773,0.17915773,0.15366936,0.52891824,4.23E-03,-3.80E-04,0
6539.0811,0.18058441,0.18058441,0.15369545,0.52893708,4.89E-03,2.93E-05,0
6539.4013,0.18223921,0.18223921,0.15372245,0.52895658,4.25E-03,-5.04E-03,0
6539.7576,0.18345765,0.18345765,0.15375249,0.52897828,1.49E-03,-7.61E-03,0
6540.1571,0.18336288,0.18336288,0.15378618,0.52900262,-1.51E-03,-5.25E-03,0
6540.5603,0.18224812,0.18224812,0.15382018,0.52902719,-2.72E-03,-1.25E-03,0
6540.9599,0.18117547,0.18117547,0.15385388,0.52905156,-2.51E-03,9.87E-04,0
6541.1543,0.180758,0.180758,0.15387027,0.52906342,-2.14E-03,3.52E-03,0
6541.3487,0.18034397,0.18034397,0.15388667,0.52907529,-1.14E-03,3.20E-03,0
6541.8853,0.17992507,0.17992507,0.15393191,0.52910804,1.99E-04,2.65E-03,0
6542.3679,0.18054711,0.18054711,0.15397261,0.52913751,1.56E-03,4.00E-03,0
6542.6813,0.18116897,0.18116897,0.15399903,0.52915665,3.38E-03,5.92E-03,0
6542.9983,0.18267868,0.18267868,0.15402577,0.52917603,5.30E-03,4.10E-03,0
6543.355,0.18473686,0.18473686,0.15405584,0.52919783,6.14E-03,3.66E-03,0
6543.7514,0.18730314,0.18730314,0.15408927,0.52922208,8.05E-03,5.56E-03,0
6544.1514,0.19115154,0.19115154,0.154123,0.52924655,1.06E-02,6.61E-03,0
6544.5515,0.19575838,0.19575838,0.15415673,0.52927104,1.33E-02,8.96E-03,0
6544.9372,0.20163555,0.20163555,0.15418926,0.52929466,1.76E-02,1.25E-02,0
6545.3013,0.20896135,0.20896135,0.15421996,0.52931696,2.27E-02,1.38E-02,0
6545.6474,0.21776147,0.21776147,0.15424915,0.52933817,2.74E-02,1.57E-02,0
6545.9612,0.22703474,0.22703474,0.1542756,0.5293574,3.31E-02,1.59E-02,0
6546.2713,0.23840855,0.23840855,0.15430176,0.52937642,3.73E-02,8.38E-03,0
6546.5923,0.25058402,0.25058402,0.15432882,0.52939611,3.84E-02,-2.09E-04,0
6546.9458,0.26429846,0.26429846,0.15435863,0.5294178,3.72E-02,-3.26E-03,0
6547.3426,0.2784742,0.2784742,0.15439209,0.52944216,3.59E-02,-1.25E-03,0
6547.7467,0.293085,0.293085,0.15442617,0.52946697,3.62E-02,6.19E-04,0
6548.1472,0.30758,0.30758,0.15445994,0.52949158,3.64E-02,1.94E-03,0
6548.5334,0.32175175,0.32175175,0.1544925,0.52951531,3.77E-02,3.94E-03,0
6548.9015,0.336018,0.336018,0.15452355,0.52953795,3.94E-02,5.85E-03,0
6549.2481,0.349921,0.349921,0.15455277,0.52955926,4.19E-02,6.32E-03,0
6549.5658,0.363837,0.363837,0.15457956,0.52957881,4.36E-02,1.94E-03,0
6549.8763,0.3773195,0.3773195,0.15460574,0.52959792,4.31E-02,-4.14E-03,0
6550.1976,0.3910725,0.3910725,0.15463284,0.5296177,4.10E-02,-8.82E-03,0
6550.5515,0.4050045,0.4050045,0.15466268,0.5296395,3.71E-02,-6.97E-03,0
6550.9524,0.4191115,0.4191115,0.15469649,0.5296642,3.57E-02,-6.24E-04,0
6551.357,0.43378896,0.43378896,0.1547306,0.52968914,3.66E-02,1.75E-03,0
6551.758,0.44863121,0.44863121,0.15476441,0.52971386,3.71E-02,2.52E-03,0
6552.1446,0.46304242,0.46304242,0.15479701,0.52973771,3.86E-02,5.66E-03,0
6552.5095,0.477665,0.477665,0.15482779,0.52976023,4.14E-02,9.64E-03,0
6552.8601,0.4926603,0.4926603,0.15485735,0.52978187,4.55E-02,1.25E-02,0
6553.1781,0.50810744,0.50810744,0.15488417,0.52980152,4.98E-02,9.14E-03,0
6553.4854,0.52378958,0.52378958,0.15491008,0.5298205,5.12E-02,-1.16E-04,0
6553.8071,0.54033951,1.0417488,0.15493721,0.52984038,4.97E-02,-9.36E-03,-1.3374349
6554.1578,0.55721587,1.2005475,0.15496678,0.52986206,4.50E-02,-1.06E-02,-1.7159916
6554.5592,0.57414713,1.1466672,0.15500062,0.52988688,4.17E-02,-5.53E-03,-1.5271123
6554.9606,0.59072439,1.0957244,0.15503447,0.52991171,4.05E-02,-3.84E-03,-1.3470126
6555.3621,0.60667507,1.0476368,0.15506832,0.52993656,3.87E-02,-4.30E-03,-1.1762
6555.7491,0.6212077,1.0039083,0.15510096,0.52996052,3.71E-02,-4.70E-03,-1.0207972
6556.1181,0.63473952,0.96455501,0.15513208,0.52998337,3.51E-02,-5.31E-03,-0.87973389
6556.4691,0.6464814,0.92918281,0.15516167,0.53000512,3.33E-02,-5.42E-03,-0.75406407
6556.7875,0.65703027,0.89877648,0.15518852,0.53002486,3.15E-02,-1.07E-02,-0.64482215
6557.0987,0.66630148,0.87056832,0.15521476,0.53004415,2.66E-02,-1.75E-02,-0.54485149
6557.4172,0.67375819,0.84320598,0.15524162,0.53006391,2.04E-02,-1.91E-02,-0.45197683
6557.7719,0.68006625,0.81447224,0.15527153,0.53008591,1.37E-02,-1.64E-02,-0.35850806
6558.1737,0.68412841,0.78406967,0.15530542,0.53011085,8.04E-03,-1.26E-02,-0.26657849
6558.5756,0.68652737,0.75586381,0.1553393,0.53013581,3.62E-03,-1.12E-02,-0.18494467
6558.9775,0.68703426,0.72977191,0.1553732,0.53016077,-9.87E-04,-1.25E-02,-0.11399635
6559.3687,0.68574468,0.7063357,0.15540618,0.53018508,-6.28E-03,-1.45E-02,-5.49E-02
6559.7381,0.68225877,0.68589858,0.15543733,0.53020805,-1.20E-02,-1.57E-02,-9.71E-03
6560.0894,0.67710003,0.66793275,0.15546696,0.5302299,-1.76E-02,-1.62E-02,2.45E-02
6560.4119,0.6703922,0.65266075,0.15549414,0.53024995,-2.29E-02,-1.46E-02,4.73E-02
6560.7234,0.66255901,0.63896413,0.15552042,0.53026934,-2.69E-02,-7.59E-03,6.29E-02
6561.0423,0.65344008,0.62598733,0.1555473,0.53028919,-2.77E-02,1.75E-03,7.32E-02
6561.3974,0.64387488,0.61272182,0.15557725,0.53031131,-2.57E-02,4.09E-03,8.31E-02
6561.7997,0.63396722,0.59913613,0.15561117,0.53033637,-2.46E-02,3.18E-03,9.29E-02
6562.2021,0.62406311,0.58699968,0.1556451,0.53036144,-2.31E-02,3.18E-03,9.89E-02
6562.6045,0.61533935,0.57622921,0.15567903,0.53038653,-2.21E-02,1.37E-03,0.1043205
6562.9924,0.6066265,0.56706202,0.15571174,0.53041073,-2.21E-02,1.92E-03,0.10553238
6563.3623,0.59861819,0.5593645,0.15574293,0.53043381,-2.06E-02,3.87E-03,0.10470339
6563.7104,0.59183151,0.5529893,0.15577229,0.53045554,-1.93E-02,3.62E-03,0.10360581
6564.0296,0.585748,0.54783899,0.1557992,0.53047546,-1.82E-02,5.01E-03,0.10111666
6564.3379,0.58041825,0.54345392,0.1558252,0.53049472,-1.61E-02,9.44E-03,9.86E-02
6564.6571,0.57561679,0.53948409,0.15585212,0.53051467,-1.23E-02,1.17E-02,9.64E-02
6565.0127,0.57214076,0.5356953,0.1558821,0.53053689,-8.28E-03,8.57E-03,9.72E-02
6565.4118,0.56936648,0.53216701,0.15591576,0.53056184,-5.80E-03,5.16E-03,9.92E-02
6565.8146,0.56748832,0.52930351,0.15594972,0.53058704,-4.15E-03,3.75E-03,0.10185229
6566.2138,0.56604167,0.52707424,0.15598339,0.53061202,-2.80E-03,3.84E-03,0.10393984
6566.6095,0.56526588,0.52538216,0.15601675,0.53063679,-1.10E-03,3.82E-03,0.1063839
6566.9761,0.56520662,0.52420419,0.15604767,0.53065975,1.15E-04,4.57E-03,0.10936792
6567.3283,0.56534865,0.52336559,0.15607737,0.53068181,2.19E-03,6.35E-03,0.1119836
6567.6478,0.56667522,0.52280524,0.15610431,0.53070183,4.38E-03,4.58E-03,0.11701667
6567.9601,0.56811659,0.52240032,0.15613064,0.53072141,5.08E-03,2.04E-03,0.12194137
6568.2797,0.56988457,0.52209085,0.15615759,0.53074145,5.67E-03,2.13E-03,0.12748267
6568.6321,0.57192588,0.52182273,0.1561873,0.53076355,6.51E-03,9.90E-04,0.13364273
6569.0317,0.57478189,0.52154886,0.156221,0.53078863,6.41E-03,-5.98E-04,0.1419912
6569.4349,0.57707506,0.52128317,0.156255,0.53081394,6.03E-03,1.38E-04,0.14881659
6569.8383,0.57964784,0.52102793,0.15628901,0.53083927,6.52E-03,-5.32E-05,0.15635993
6570.2344,0.58229108,0.52078735,0.15632242,0.53086416,5.99E-03,-1.80E-03,0.16405207
6570.6051,0.58424124,0.52057116,0.15635368,0.53088746,5.14E-03,-1.68E-03,0.16983049
6570.9577,0.58600962,0.52037349,0.15638341,0.53090963,4.78E-03,-9.85E-04,0.17507462
6571.2812,0.58747157,0.52019887,0.15641069,0.53092998,4.47E-03,-2.80E-03,0.17943995
6571.5902,0.58884027,0.52003807,0.15643675,0.53094942,3.00E-03,-5.63E-03,0.18351968
6571.9102,0.58936156,0.51987767,0.15646373,0.53096956,9.37E-04,-4.84E-03,0.18533798
6572.2629,0.58947039,0.51970797,0.15649347,0.53099177,-2.49E-04,-3.60E-03,0.18608092
6572.6594,0.58917491,0.51952608,0.1565269,0.53101673,-1.76E-03,-3.88E-03,0.18577793
6573.0631,0.58806188,0.51935031,0.15656095,0.53104217,-3.35E-03,-2.67E-03,0.18327793
6573.4669,0.58646795,0.51918398,0.15659499,0.53106762,-3.92E-03,-2.01E-03,0.17946999
6573.8598,0.58493989,0.5190311,0.15662813,0.5310924,-4.95E-03,-3.25E-03,0.17580192
6574.231,0.58268488,0.51889471,0.15665942,0.53111581,-6.40E-03,-3.43E-03,0.17015079
6574.584,0.58030475,0.51877215,0.15668919,0.53113809,-7.43E-03,-4.74E-03,0.16412907
6574.9042,0.57768061,0.51866692,0.1567162,0.5311583,-9.59E-03,-4.94E-03,0.15741026
6575.2173,0.5742287,0.51856949,0.15674259,0.53117807,-1.06E-02,-1.85E-03,0.14846268
6575.5376,0.57098951,0.51847528,0.15676961,0.5311983,-1.08E-02,-3.47E-04,0.14007392
6575.8835,0.56705764,0.51837974,0.15679877,0.53122016,-1.08E-02,1.23E-03,0.12984105
6576.284,0.56293223,0.51827703,0.15683254,0.53124547,-9.85E-03,7.06E-04,0.11911113
6576.6882,0.55913421,0.51818186,0.15686663,0.53127103,-1.02E-02,-1.63E-03,0.10923431
6577.0925,0.55466426,0.51809511,0.15690072,0.53129661,-1.12E-02,-1.69E-03,9.75E-02
6577.4858,0.55022773,0.51801868,0.15693389,0.5313215,-1.16E-02,-1.39E-03,8.59E-02
6577.8574,0.545809,0.51795361,0.15696522,0.53134503,-1.22E-02,-1.75E-03,7.43E-02
6578.2145,0.54131973,0.51789752,0.15699533,0.53136764,-1.28E-02,-1.85E-03,6.25E-02
6578.5388,0.53705389,0.51785197,0.15702267,0.53138818,-1.35E-02,-1.40E-03,5.12E-02
6578.8485,0.53276893,0.51781321,0.15704879,0.53140781,-1.37E-02,1.43E-03,3.99E-02
6579.1692,0.52839348,0.5177779,0.15707584,0.53142814,-1.26E-02,3.92E-03,2.83E-02
6579.5191,0.52432866,0.51774491,0.15710534,0.53145033,-1.11E-02,3.05E-03,1.76E-02
6579.9201,0.52005485,0.5177141,0.15713915,0.53147577,-1.03E-02,8.32E-04,6.24E-03
6580.3284,0.51599424,0.51769029,0.15717359,0.53150168,-1.04E-02,9.81E-04,-4.52E-03
6580.7332,0.51157312,0.51767411,0.15720771,0.53152738,-9.50E-03,2.07E-03,-1.63E-02
6581.1307,0.50837242,0.5176653,0.15724123,0.53155263,-8.77E-03,-4.41E-04,-2.48E-02
6581.5027,0.50482605,0.5176633,0.1572726,0.53157626,-9.84E-03,-9.98E-04,-3.42E-02
6581.8565,0.50123036,0.51766692,0.15730244,0.53159875,-9.49E-03,6.95E-04,-4.38E-02
6582.1811,0.4983857,0.51767491,0.15732981,0.5316194,-9.37E-03,-4.84E-04,-5.15E-02
6582.4949,0.49524914,0.51768681,0.15735627,0.53163935,-9.80E-03,1.24E-03,-5.98E-02
6582.8123,0.49219922,0.51770299,0.15738304,0.53165955,-8.58E-03,4.82E-03,-6.80E-02
6583.1627,0.48951742,0.5177256,0.15741258,0.53168184,-6.58E-03,3.54E-03,-7.52E-02
6583.5604,0.48727645,0.51775722,0.15744612,0.53170717,-5.94E-03,1.31E-03,-8.13E-02
6583.9656,0.48474965,0.51779583,0.15748029,0.53173298,-5.53E-03,8.99E-04,-8.81E-02
6584.3671,0.48281476,0.51784034,0.15751415,0.53175856,-5.21E-03,1.25E-03,-9.34E-02
6584.7614,0.48060133,0.51789,0.15754739,0.5317837,-4.53E-03,1.53E-03,-9.95E-02
6585.1375,0.47932248,0.51794276,0.15757911,0.53180768,-4.03E-03,3.26E-04,-0.10301386
6585.4954,0.47764205,0.51799776,0.15760929,0.53183051,-4.29E-03,-4.12E-04,-0.10764285
6585.8205,0.4763902,0.5180517,0.1576367,0.53185125,-4.31E-03,1.36E-03,-0.11112587
6586.1309,0.47490089,0.5181067,0.15766287,0.53187107,-3.43E-03,2.82E-03,-0.11524509
6586.4487,0.47423738,0.51816647,0.15768967,0.53189136,-2.54E-03,1.95E-03,-0.11717433
6586.7958,0.47321161,0.51823569,0.15771894,0.53191353,-2.13E-03,1.35E-03,-0.12009505
6587.1941,0.47265144,0.5183201,0.15775252,0.53193898,-1.53E-03,1.63E-03,-0.12181437
6587.5997,0.47197941,0.51841142,0.15778673,0.5319649,-8.19E-04,1.28E-03,-0.12385051
6588.0053,0.471987,0.51850805,0.15782093,0.53199085,-4.97E-04,-1.58E-04,-0.12408799
6588.4038,0.47158011,0.51860798,0.15785453,0.53201633,-9.46E-04,4.15E-04,-0.12543987
6588.7803,0.47125407,0.5187069,0.15788628,0.53204043,-1.75E-04,7.40E-04,-0.12657338
6589.1386,0.47145177,0.51880499,0.15791649,0.53206337,-4.02E-04,-5.39E-04,-0.12630769
6589.4677,0.47097761,0.5188984,0.15794424,0.53208444,-5.45E-04,2.23E-03,-0.12782162
6589.7785,0.47110301,0.51898951,0.15797045,0.53210436,1.03E-03,2.27E-03,-0.12773013
6590.1003,0.47162779,0.51908671,0.15799759,0.53212498,8.89E-04,-1.03E-03,-0.12658964
6590.4478,0.47169833,0.51919488,0.15802689,0.53214725,3.42E-04,-9.01E-05,-0.12669001
6590.8465,0.47188265,0.51932302,0.15806051,0.53217282,8.22E-04,4.58E-04,-0.12654016
6591.2526,0.47236005,0.51945784,0.15809475,0.53219887,7.10E-04,-2.89E-04,-0.12562639
6591.6587,0.47245964,0.51959691,0.158129,0.53222494,5.88E-04,6.41E-04,-0.12573168
6592.0576,0.47283306,0.51973749,0.15816264,0.53225055,1.23E-03,1.41E-03,-0.12511061
6592.7823,0.47383732,0.52000267,0.15822375,0.5322971,2.17E-03,8.52E-04,-0.12313923
6594.1319,0.47733749,0.52052806,0.15833754,0.53238388,2.99E-03,3.79E-04,-0.11520444
6596.058,0.48364319,0.52134155,0.15849996,0.53250794,3.41E-03,1.00E-04,-0.10055478
6597.7851,0.48980169,0.52212525,0.1586456,0.53261938,3.36E-03,6.57E-05,-8.62E-02
6599.8856,0.49650046,0.52313384,0.15882272,0.53275516,3.66E-03,2.22E-04,-7.10E-02
6601.8213,0.50458866,0.52410381,0.15898595,0.53288054,4.26E-03,2.81E-04,-5.21E-02
6603.7345,0.51287832,0.52508767,0.15914728,0.53300469,4.75E-03,2.49E-04,-3.26E-02
6605.4813,0.52195775,0.52599718,0.15929457,0.53311824,5.17E-03,1.18E-04,-1.08E-02
6607.3996,0.53181335,0.52699678,0.15945634,0.53324317,5.18E-03,-1.53E-04,1.28E-02
6609.1499,0.54095774,0.52789915,0.15960393,0.53335736,4.61E-03,-3.76E-04,3.48E-02
6611.2413,0.54950808,0.52895162,0.15978028,0.53349405,3.73E-03,-5.28E-04,5.48E-02
6613.0212,0.55541256,0.52981366,0.15993037,0.5336106,2.56E-03,-6.64E-04,6.83E-02
6614.9212,0.55893118,0.53068888,0.16009059,0.53373524,1.29E-03,-5.94E-04,7.53E-02
6616.8991,0.56042026,0.53154789,0.16025737,0.53386522,2.56E-04,-5.16E-04,7.70E-02
6618.7823,0.55992081,0.53231787,0.16041617,0.53398922,-7.01E-04,-4.50E-04,7.36E-02
6620.5899,0.55783221,0.53301419,0.16056859,0.53410844,-1.40E-03,-3.11E-04,6.62E-02
6622.482,0.55472911,0.5336996,0.16072814,0.53423346,-1.85E-03,-1.67E-04,5.61E-02
6624.2887,0.55097933,0.53431383,0.16088049,0.53435305,-2.02E-03,1.54E-05,4.45E-02
6626.3425,0.54692536,0.53496583,0.16105367,0.53448924,-1.79E-03,1.89E-04,3.19E-02
6628.1873,0.54398733,0.53551099,0.16120923,0.5346118,-1.28E-03,3.35E-04,2.26E-02
6630.045,0.54216931,0.53602252,0.16136588,0.53473543,-5.53E-04,3.39E-04,1.64E-02
6632.0989,0.54182553,0.53654599,0.16153907,0.53487238,3.99E-05,2.70E-04,1.41E-02
6633.926,0.54232412,0.53697585,0.16169314,0.53499442,4.96E-04,1.80E-04,1.43E-02
6635.7986,0.54365993,0.53738283,0.16185105,0.53511973,7.04E-04,2.55E-05,1.67E-02
6637.6286,0.54493089,0.53774893,0.16200536,0.53524239,5.90E-04,-1.03E-04,1.92E-02
6639.5064,0.54584872,0.53809346,0.1621637,0.53536849,3.22E-04,-1.70E-04,2.07E-02
6641.5168,0.54618274,0.53842887,0.16233323,0.53550373,-7.06E-05,-1.74E-04,2.07E-02
6643.6202,0.54555834,0.53874454,0.1625106,0.5356455,-3.94E-04,-1.48E-04,1.82E-02
6645.3959,0.5446547,0.53898434,0.16266033,0.5357654,-6.43E-04,-9.27E-05,1.51E-02
6647.3267,0.54317378,0.53921878,0.16282314,0.535896,-7.37E-04,7.53E-06,1.05E-02
6649.1074,0.54191792,0.53941193,0.1629733,0.53601665,-6.15E-04,6.36E-05,6.68E-03
6651.0398,0.54088884,0.53959786,0.16313624,0.53614781,-5.01E-04,4.88E-05,3.44E-03
6653.0172,0.53995808,0.53976413,0.16330299,0.53628227,-4.25E-04,5.12E-05,5.17E-04
6654.9657,0.53922166,0.53990575,0.16346729,0.536415,-3.00E-04,6.94E-05,-1.82E-03
6656.7367,0.53884107,0.5400166,0.16361663,0.53653585,-1.66E-04,4.42E-05,-3.14E-03
6658.8685,0.53857208,0.54012914,0.16379639,0.53668158,-1.28E-04,-1.53E-05,-4.15E-03
6660.6318,0.53834316,0.5402063,0.16394508,0.53680234,-2.26E-04,-1.02E-04,-4.97E-03
6662.6011,0.53772813,0.54027689,0.16411114,0.53693744,-5.10E-04,-1.55E-04,-6.80E-03
6664.3717,0.53643502,0.54032757,0.16426044,0.53705911,-8.04E-04,-1.36E-04,-1.04E-02
6666.3366,0.53472349,0.54037105,0.16442613,0.53719437,-1.02E-03,-1.00E-04,-1.51E-02
6668.297,0.5324379,0.54040254,0.16459143,0.53732956,-1.20E-03,-4.81E-05,-2.12E-02
6670.9757,0.52916936,0.54042917,0.16481731,0.53751467,-1.24E-03,-1.39E-05,-3.00E-02
6673.655,0.52578569,0.54044044,0.16504325,0.53770029,-1.27E-03,2.56E-05,-3.91E-02
6676.0203,0.5227538,0.54044075,0.1652427,0.53786452,-1.11E-03,1.27E-04,-4.72E-02
6678.8433,0.5200154,0.54043321,0.16548074,0.538061,-6.14E-04,2.17E-04,-5.45E-02
6681.6888,0.51927142,0.5404213,0.16572069,0.53825955,1.18E-04,2.73E-04,-5.64E-02
6684.0875,0.52063453,0.54041136,0.16592295,0.53842732,8.15E-04,2.24E-04,-5.28E-02
6686.7111,0.52336358,0.54040412,0.16614419,0.53861124,1.24E-03,1.35E-04,-4.55E-02
6689.5546,0.52743636,0.54040459,0.16638396,0.53881105,1.55E-03,8.71E-05,-3.46E-02
6691.9929,0.53156088,0.54041341,0.16658957,0.53898281,1.70E-03,1.14E-05,-2.36E-02
6694.4069,0.53570459,0.54042969,0.16679312,0.53915322,1.61E-03,-4.35E-05,-1.26E-02
6697.2635,0.54003258,0.54045837,0.167034,0.53935535,1.47E-03,-6.34E-05,-1.14E-03
6700.1114,0.5441156,0.54049687,0.16727415,0.53955737,1.25E-03,-1.14E-04,9.65E-03
6702.495,0.54655102,0.54053645,0.16747515,0.53972686,8.77E-04,-1.24E-04,1.60E-02
6705.1693,0.54854948,0.54058863,0.16770065,0.53991743,6.17E-04,-7.95E-05,2.12E-02
6708.0286,0.54996434,0.54065324,0.16794176,0.5401217,4.37E-04,-5.27E-05,2.48E-02
6710.6191,0.55093055,0.54071938,0.1681602,0.5403072,3.30E-04,-3.84E-05,2.72E-02
6713.2409,0.55168181,0.54079345,0.16838129,0.54049538,2.37E-04,-2.58E-05,2.90E-02
6715.9302,0.55218811,0.54087663,0.16860805,0.54068884,1.93E-04,-1.16E-05,3.02E-02
6718.5461,0.55270402,0.5409643,0.16882863,0.54087747,1.75E-04,-1.73E-05,3.13E-02
6721.1423,0.55310174,0.54105768,0.16904756,0.54106511,1.02E-04,-4.07E-05,3.21E-02
6723.8229,0.55324417,0.54116051,0.1692736,0.54125929,-3.93E-05,-6.77E-05,3.22E-02
6726.4774,0.55289232,0.5412685,0.16949744,0.54145202,-2.59E-04,-8.80E-05,3.10E-02
6729.0604,0.55188721,0.54137924,0.16971525,0.54163999,-5.00E-04,-8.84E-05,2.80E-02
6731.7236,0.5502689,0.54149904,0.16993982,0.54183424,-7.23E-04,-7.93E-05,2.34E-02
6734.3989,0.54802941,0.54162486,0.1701654,0.54202981,-9.23E-04,-3.98E-05,1.71E-02
6736.9954,0.54540226,0.54175201,0.17038435,0.54222006,-9.33E-04,2.40E-05,9.74E-03
6739.6498,0.54313267,0.54188687,0.17060818,0.542415,-7.97E-04,5.72E-05,3.32E-03
6742.5209,0.54099801,0.542038,0.17085029,0.54262635,-6.17E-04,7.80E-05,-2.77E-03
6745.1545,0.53973825,0.54218119,0.17107236,0.54282066,-3.68E-04,9.08E-05,-6.52E-03
6747.7934,0.53905869,0.5423288,0.17129488,0.54301581,-1.38E-04,8.15E-05,-8.72E-03
6750.6632,0.53897719,0.54249374,0.17153688,0.54322854,8.13E-05,7.07E-05,-9.38E-03
6753.3378,0.53950968,0.54265133,0.1717624,0.54342726,2.54E-04,3.92E-05,-8.38E-03
6755.9567,0.54032126,0.54280902,0.17198325,0.54362228,2.89E-04,-4.27E-07,-6.64E-03
6758.6527,0.54104561,0.54297459,0.17221058,0.5438235,2.52E-04,-2.02E-05,-5.15E-03
6761.3554,0.54167978,0.54314362,0.17243849,0.54402567,1.80E-04,-2.86E-05,-3.90E-03
6763.9754,0.54200336,0.54331015,0.17265941,0.54422209,9.93E-05,-3.50E-05,-3.49E-03
6766.6593,0.54220654,0.54348322,0.17288573,0.54442376,-5.96E-06,-1.92E-05,-3.41E-03
6769.3875,0.5419711,0.54366145,0.17311578,0.54462922,-4.87E-06,-6.18E-06,-4.51E-03
6772.0261,0.54218042,0.54383581,0.17333828,0.54482838,-3.91E-05,-2.52E-05,-4.42E-03
6774.8897,0.54175587,0.54402693,0.17357975,0.54504502,-1.44E-04,-3.80E-06,-6.06E-03
6778.1794,0.54129586,0.54424857,0.17385715,0.54529453,-6.25E-05,3.18E-05,-7.88E-03
6781.6556,0.54133309,0.54448468,0.17415028,0.54555893,7.17E-05,3.11E-05,-8.41E-03
6784.9544,0.54178137,0.54471007,0.17442844,0.54581054,1.48E-04,1.60E-05,-7.81E-03
6788.2353,0.54230995,0.54493505,0.1747051,0.54606146,1.77E-04,9.77E-06,-7.00E-03
6791.5239,0.54294334,0.54516091,0.17498241,0.54631366,2.13E-04,6.80E-06,-5.92E-03
6794.8162,0.54370938,0.54538694,0.17526003,0.54656682,2.22E-04,-8.11E-06,-4.47E-03
6798.3493,0.5444561,0.5456293,0.17555796,0.54683927,1.57E-04,-2.23E-05,-3.13E-03
6801.6702,0.54478758,0.54585696,0.17583798,0.54709605,6.86E-05,-1.86E-05,-2.85E-03
6804.979,0.54491097,0.54608375,0.176117,0.54735261,3.37E-05,2.90E-06,-3.13E-03
6808.4845,0.54501754,0.54632404,0.1764126,0.54762516,8.84E-05,1.93E-05,-3.48E-03
6811.9938,0.54553088,0.54656467,0.17670851,0.54789879,1.69E-04,1.35E-05,-2.76E-03
6815.2996,0.54617033,0.54679151,0.17698727,0.54815725,1.81E-04,1.16E-06,-1.66E-03
6818.5986,0.54672391,0.54701811,0.17726545,0.54841587,1.77E-04,-7.44E-06,-7.85E-04
6821.9082,0.54733873,0.54724572,0.17754453,0.54867602,1.31E-04,-1.08E-05,2.48E-04
6825.2421,0.54759714,0.54747536,0.17782566,0.54893877,1.05E-04,-2.11E-06,3.25E-04
6828.766,0.54805858,0.54771856,0.17812281,0.54921726,1.17E-04,3.89E-06,9.07E-04
6832.3033,0.54842318,0.54796324,0.17842109,0.5494976,1.32E-04,8.40E-06,1.23E-03
6835.8436,0.54899597,0.54820878,0.17871962,0.54977896,1.76E-04,5.57E-06,2.10E-03
6839.1992,0.54964001,0.54844218,0.17900257,0.55004637,1.71E-04,-6.64E-06,3.20E-03
6842.5386,0.55013969,0.54867518,0.17928417,0.5503132,1.32E-04,-1.06E-05,3.91E-03
6845.8826,0.55052216,0.54890928,0.17956615,0.55058109,9.99E-05,-1.06E-05,4.30E-03
6849.2553,0.55081068,0.54914626,0.17985055,0.55085201,6.11E-05,-7.06E-06,4.44E-03
6852.8316,0.55094668,0.54939858,0.18015212,0.55114006,5.08E-05,5.39E-06,4.13E-03
6856.2294,0.55116507,0.54963936,0.18043863,0.55141447,9.87E-05,2.27E-06,4.07E-03
6859.6199,0.55161647,0.54988072,0.18072453,0.55168902,6.63E-05,-6.06E-06,4.63E-03
6863.2163,0.551628,0.55013804,0.1810278,0.55198105,5.64E-05,6.46E-06,3.97E-03
6866.6214,0.55201108,0.55038295,0.18131492,0.55225829,1.12E-04,6.73E-06,4.34E-03
6870.0159,0.55238618,0.55062843,0.18160116,0.55253539,1.02E-04,-2.55E-06,4.69E-03
6873.4129,0.55270467,0.55087549,0.18188761,0.55281343,9.42E-05,-1.12E-05,4.88E-03
6876.8398,0.55302888,0.55112621,0.18217658,0.55309464,2.58E-05,-1.82E-05,5.08E-03
6880.4538,0.55288661,0.55139233,0.18248133,0.55339202,-3.36E-05,-7.96E-06,3.99E-03
6883.8835,0.55279186,0.55164657,0.18277053,0.55367499,-3.02E-05,3.98E-07,3.05E-03
6887.3025,0.55267967,0.55190174,0.18305884,0.55395782,-3.09E-05,-1.36E-06,2.08E-03
6890.9241,0.55257415,0.55217398,0.18336422,0.55425821,-3.98E-05,-6.09E-06,1.07E-03
6894.3398,0.55239945,0.55243267,0.18365225,0.55454228,-7.38E-05,-6.84E-06,-8.86E-05
6897.7718,0.55206905,0.55269454,0.18394164,0.55482844,-8.67E-05,6.35E-06,-1.67E-03
6901.1973,0.55180515,0.55295794,0.1842305,0.55511481,-3.02E-05,3.57E-06,-3.07E-03
6904.6454,0.55186116,0.55322519,0.18452125,0.55540381,-6.21E-05,-9.07E-06,-3.64E-03
6908.2909,0.55136446,0.55351015,0.18482866,0.55571017,-9.46E-05,3.83E-06,-5.72E-03
6911.945,0.55117069,0.55379833,0.18513679,0.5560181,-3.41E-05,1.04E-05,-7.01E-03
6915.7889,0.55110841,0.55410435,0.18546092,0.55634293,-1.64E-05,1.07E-05,-7.99E-03
6919.8484,0.55104085,0.55443083,0.18580323,0.55668698,5.07E-05,1.91E-05,-9.04E-03
6923.9194,0.55152074,0.55476176,0.18614651,0.55703306,1.39E-04,1.24E-05,-8.64E-03
6927.9836,0.55217348,0.55509579,0.18648922,0.5573796,1.51E-04,6.24E-06,-7.79E-03
6932.0625,0.55275415,0.55543475,0.18683317,0.55772844,1.90E-04,1.03E-05,-7.15E-03
6936.1481,0.55372529,0.55577795,0.18717768,0.5580789,2.36E-04,9.62E-06,-5.48E-03
6940.4328,0.55472536,0.55614176,0.18753898,0.55844758,2.71E-04,4.63E-06,-3.78E-03
6944.7421,0.55605047,0.55651162,0.18790236,0.55881954,2.75E-04,-2.63E-06,-1.23E-03
6948.8417,0.55704023,0.5568671,0.18824805,0.55917448,2.48E-04,-4.93E-06,4.62E-04
6952.9512,0.55808987,0.55722691,0.18859459,0.55953135,2.35E-04,-5.36E-06,2.30E-03
6957.0756,0.55897394,0.55759146,0.18894238,0.55989058,2.04E-04,-7.66E-06,3.69E-03
6961.2048,0.55977609,0.55795982,0.18929056,0.5602513,1.72E-04,-8.74E-06,4.84E-03
6965.3415,0.56039256,0.55833219,0.18963939,0.56061376,1.32E-04,-1.08E-05,5.50E-03
6969.4748,0.56086841,0.55870752,0.18998792,0.56097699,8.25E-05,-9.85E-06,5.76E-03
6973.5999,0.56107349,0.55908531,0.19033577,0.56134059,5.07E-05,-3.36E-06,5.30E-03
6977.743,0.5612877,0.5594679,0.19068513,0.56170684,5.47E-05,7.68E-07,4.85E-03
6981.89,0.56152659,0.55985395,0.19103482,0.56207452,5.71E-05,-2.52E-06,4.46E-03
6986.0346,0.56176095,0.56024282,0.19138431,0.56244308,3.38E-05,-1.29E-06,4.05E-03
6990.194,0.56180728,0.56063606,0.19173504,0.56281403,4.64E-05,1.92E-06,3.12E-03
6994.3531,0.56214687,0.56103221,0.19208576,0.56318605,4.97E-05,-4.29E-06,2.97E-03
6998.5149,0.56222111,0.56143148,0.19243669,0.56355941,1.07E-05,-5.38E-06,2.11E-03
7002.691,0.56223598,0.56183495,0.19278884,0.56393515,4.87E-06,2.85E-06,1.07E-03
7006.8665,0.56226177,0.56224112,0.19314093,0.56431193,3.45E-05,2.45E-06,5.51E-05
7011.043,0.56252426,0.5626501,0.19349311,0.5646899,2.53E-05,1.12E-06,-3.36E-04
7015.2289,0.56247345,0.56306263,0.19384608,0.56506982,4.39E-05,6.99E-06,-1.57E-03
7019.4208,0.5628917,0.56347834,0.19419956,0.5654514,8.39E-05,7.06E-06,-1.56E-03
7023.6146,0.56317702,0.56389677,0.1945532,0.56583426,1.03E-04,4.76E-06,-1.92E-03
7027.8086,0.56375649,0.56431768,0.19490686,0.56621825,1.24E-04,3.76E-06,-1.50E-03
7031.9941,0.56421476,0.56474012,0.19525979,0.56660256,1.35E-04,3.60E-06,-1.40E-03
7036.1893,0.56488479,0.56516587,0.19561355,0.56698888,1.54E-04,2.37E-07,-7.50E-04
7040.3877,0.56550781,0.56559422,0.19596757,0.56737659,1.37E-04,1.21E-06,-2.30E-04
7044.59,0.56603249,0.56602517,0.19632193,0.56776579,1.64E-04,4.83E-06,1.95E-05
7049.015,0.56692478,0.56648127,0.19669506,0.5681768,1.78E-04,-5.16E-06,1.18E-03
7053.4231,0.56760751,0.56693792,0.19706677,0.56858748,1.19E-04,-1.03E-05,1.79E-03
7057.6329,0.56794751,0.56737608,0.19742175,0.56898082,8.96E-05,-3.91E-06,1.52E-03
7061.8614,0.56836328,0.56781816,0.19777832,0.56937704,8.57E-05,-3.02E-06,1.45E-03
7066.0841,0.56867189,0.56826152,0.1981344,0.56977385,6.41E-05,-3.04E-06,1.09E-03
7070.3075,0.56890451,0.56870678,0.19849053,0.57017183,6.00E-05,-2.27E-06,5.27E-04
7074.5277,0.56917869,0.56915345,0.19884639,0.57057064,4.49E-05,-3.79E-06,6.73E-05
7078.9552,0.56929287,0.56962389,0.19921974,0.57099025,2.72E-05,-8.65E-07,-8.83E-04
7083.6144,0.56942606,0.57012087,0.19961262,0.57143316,3.71E-05,4.45E-06,-1.85E-03
7088.4897,0.56964612,0.57064292,0.20002372,0.57189806,6.97E-05,5.85E-06,-2.66E-03
7093.3561,0.57010497,0.57116597,0.20043408,0.57236362,9.41E-05,3.98E-06,-2.83E-03
7098.25,0.57056444,0.57169389,0.20084675,0.57283331,1.09E-04,2.76E-06,-3.01E-03
7103.1522,0.57116862,0.57222458,0.20126012,0.57330532,1.21E-04,2.61E-06,-2.82E-03
7107.8474,0.57172697,0.5727346,0.20165604,0.57375881,1.34E-04,1.71E-06,-2.69E-03
7112.5573,0.57242517,0.57324787,0.20205319,0.57421511,1.37E-04,3.34E-06,-2.19E-03
7117.4984,0.57305132,0.57378812,0.20246985,0.57469532,1.66E-04,6.12E-06,-1.97E-03
7122.4162,0.57406048,0.57432757,0.20288454,0.5751748,1.98E-04,1.19E-07,-7.12E-04
7127.3451,0.57499621,0.57486997,0.20330016,0.57565689,1.67E-04,-5.97E-06,3.37E-04
7132.2774,0.57570774,0.57541443,0.20371607,0.57614084,1.39E-04,-2.81E-06,7.82E-04
7136.9924,0.57633376,0.57593645,0.20411365,0.5766049,1.40E-04,-8.00E-07,1.06E-03
7141.9478,0.57706136,0.57648669,0.20453151,0.57709414,1.31E-04,-2.03E-06,1.53E-03
7146.9417,0.5776362,0.57704282,0.20495262,0.57758875,1.20E-04,-1.66E-07,1.58E-03
7151.7026,0.57823017,0.57757447,0.20535408,0.57806173,1.29E-04,2.74E-07,1.75E-03
7156.4527,0.57886588,0.57810633,0.20575462,0.57853508,1.22E-04,5.09E-07,2.03E-03
7161.4185,0.57941963,0.5786638,0.20617336,0.57903143,1.34E-04,2.70E-07,2.02E-03
7166.3937,0.5802003,0.5792238,0.20659289,0.57953029,1.25E-04,-5.45E-06,2.60E-03
7171.3602,0.5806634,0.57978425,0.20701169,0.58002984,8.00E-05,-4.10E-06,2.35E-03
7176.3528,0.58099723,0.58034903,0.20743268,0.58053356,8.42E-05,1.19E-06,1.73E-03
7181.3468,0.58150468,0.58091535,0.2078538,0.58103902,9.19E-05,-1.19E-07,1.57E-03
7186.3527,0.58191655,0.58148434,0.20827591,0.58154724,8.31E-05,-1.53E-07,1.15E-03
7191.1604,0.58231975,0.58203202,0.20868131,0.58203684,9.04E-05,-9.40E-09,7.67E-04
7195.9624,0.58278559,0.58258023,0.20908624,0.58252731,8.30E-05,-1.40E-06,5.48E-04
7200.9948,0.58313567,0.58315593,0.20951059,0.58304287,7.66E-05,1.34E-06,-5.41E-05
7206.0362,0.5835576,0.58373386,0.2099357,0.58356095,9.65E-05,3.89E-06,-4.70E-04
7211.0757,0.58410839,0.58431275,0.21036065,0.58408044,1.16E-04,1.38E-06,-5.45E-04
7216.1582,0.58472985,0.58489771,0.21078923,0.58460598,1.10E-04,-2.83E-06,-4.48E-04
7221.0229,0.58520752,0.58545863,0.21119943,0.58511052,8.76E-05,-5.34E-07,-6.70E-04
7225.9032,0.58558382,0.58602235,0.21161096,0.58561819,1.05E-04,2.92E-06,-1.17E-03
7231.0224,0.58626042,0.58661467,0.21204263,0.58615233,1.17E-04,5.11E-07,-9.45E-04
7236.1295,0.58677809,0.58720659,0.21247328,0.58668684,1.11E-04,-8.06E-07,-1.14E-03
7241.0485,0.58736849,0.58777762,0.21288807,0.58720322,1.09E-04,-8.41E-07,-1.09E-03
7246.1661,0.58786911,0.58837259,0.21331961,0.58774207,1.02E-04,2.54E-07,-1.34E-03
7251.3017,0.58841514,0.58897055,0.21375266,0.58828447,1.11E-04,2.24E-06,-1.48E-03
7256.23,0.58898934,0.58954518,0.21416823,0.58880655,1.25E-04,1.52E-06,-1.48E-03
7261.1661,0.58964442,0.59012145,0.21458446,0.58933098,1.26E-04,8.64E-08,-1.27E-03
7266.3384,0.59026632,0.59072607,0.21502061,0.58988216,1.25E-04,1.69E-07,-1.23E-03
7271.4986,0.59094106,0.59133001,0.21545574,0.59043373,1.28E-04,2.16E-06,-1.04E-03
7276.6886,0.59159197,0.59193813,0.21589339,0.59099018,1.48E-04,1.60E-06,-9.23E-04
7282.0784,0.5925056,0.59257036,0.21634787,0.59156984,1.45E-04,-2.22E-06,-1.73E-04
7287.4821,0.59315737,0.59320488,0.21680353,0.59215285,1.24E-04,-2.00E-06,-1.27E-04
7292.925,0.59384986,0.59384466,0.2172625,0.59274194,1.23E-04,-7.69E-08,1.39E-05
7298.603,0.5945287,0.59451274,0.2177413,0.59335847,1.23E-04,2.41E-07,4.26E-05
7304.2647,0.59524553,0.59517954,0.21821871,0.59397525,1.26E-04,-2.69E-07,1.76E-04
7309.6951,0.59592681,0.59581971,0.21867662,0.59456873,1.20E-04,-1.25E-06,2.86E-04
7315.1616,0.59655415,0.5964647,0.21913758,0.59516804,1.12E-04,5.38E-08,2.39E-04
7320.8843,0.59718456,0.5971405,0.21962014,0.59579745,1.21E-04,1.41E-06,1.18E-04
7326.5917,0.59793367,0.59781508,0.2201014,0.59642723,1.28E-04,4.72E-07,3.16E-04
7332.2679,0.59864706,0.59848653,0.22058005,0.59705561,1.26E-04,2.55E-09,4.28E-04
7337.9929,0.59937103,0.59916428,0.2210628,0.59769145,1.29E-04,-1.50E-07,5.51E-04
7343.5012,0.60009059,0.59981687,0.22152728,0.59830517,1.24E-04,-1.17E-06,7.30E-04
7349.0077,0.60074108,0.60046972,0.22199162,0.59892061,1.16E-04,-1.28E-06,7.24E-04
7354.7322,0.60138914,0.60114885,0.22247432,0.59956243,1.10E-04,-1.10E-06,6.41E-04
7360.4636,0.60200169,0.60182927,0.22295762,0.6002071,1.03E-04,5.58E-07,4.60E-04
7365.9978,0.60255024,0.60248668,0.22342428,0.60083155,1.16E-04,1.37E-06,1.70E-04
7371.5495,0.6032913,0.60314656,0.22389242,0.60145992,1.18E-04,-3.66E-07,3.86E-04
7377.3225,0.60388976,0.60383312,0.22437923,0.60211539,1.12E-04,-3.54E-07,1.51E-04
7383.0816,0.60458503,0.6045184,0.22486486,0.60277138,1.14E-04,-7.01E-07,1.78E-04
7388.6404,0.60518229,0.60518017,0.22533359,0.60340654,1.04E-04,2.01E-08,5.65E-06
7394.2241,0.60574667,0.60584522,0.22580444,0.60404651,1.14E-04,1.92E-06,-2.63E-04
7400.032,0.6064858,0.60653726,0.22629418,0.60471426,1.26E-04,1.41E-06,-1.37E-04
7405.8344,0.60721066,0.60722893,0.22678346,0.60538349,1.31E-04,1.20E-07,-4.87E-05
7411.4218,0.60797513,0.60789523,0.22725461,0.60602994,1.27E-04,-2.90E-07,2.13E-04
7417.2787,0.60866939,0.6085939,0.22774849,0.60670969,1.27E-04,-2.52E-07,2.01E-04
7423.125,0.60946663,0.60929151,0.22824147,0.60739034,1.25E-04,-7.94E-07,4.67E-04
7428.7379,0.61009616,0.60996146,0.22871478,0.60804587,1.18E-04,-8.30E-07,3.59E-04
7434.5777,0.61082201,0.61065866,0.22920721,0.60872999,1.15E-04,-5.42E-07,4.36E-04
7440.4682,0.61144521,0.61136206,0.22970391,0.60942224,1.12E-04,5.84E-07,2.22E-04
7446.145,0.61211735,0.61204006,0.23018261,0.61009144,1.22E-04,7.42E-07,2.06E-04
7451.8052,0.61282561,0.61271618,0.2306599,0.61076071,1.20E-04,-6.00E-07,2.92E-04
7457.7012,0.61350871,0.61342054,0.23115707,0.61146001,1.15E-04,-8.70E-07,2.35E-04
7463.6239,0.61418264,0.61412814,0.23165649,0.61216468,1.10E-04,7.32E-07,1.45E-04
7469.3446,0.61479082,0.61481164,0.23213889,0.61284741,1.23E-04,3.31E-07,-5.55E-05
7475.0664,0.615594,0.61549529,0.23262138,0.61353235,1.14E-04,-1.80E-06,2.63E-04
7481.0056,0.61611906,0.61620488,0.23312219,0.61424549,1.02E-04,5.84E-07,-2.29E-04
7486.9647,0.61681161,0.61691681,0.23362468,0.61496324,1.21E-04,1.17E-06,-2.81E-04
7492.7321,0.61753629,0.61760578,0.23411101,0.61566006,1.16E-04,-9.85E-07,-1.85E-04
7498.4725,0.61814748,0.61829143,0.23459507,0.61635568,1.10E-04,4.20E-08,-3.84E-04
7504.4447,0.61881903,0.61900467,0.23509866,0.6170816,1.17E-04,3.59E-07,-4.95E-04
7510.6361,0.61956545,0.61974393,0.23562075,0.61783654,1.14E-04,3.81E-07,-4.76E-04
7516.8852,0.62023582,0.62048992,0.23614769,0.61860096,1.21E-04,3.88E-07,-6.78E-04
7523.1461,0.62108313,0.62123725,0.23667564,0.6193693,1.19E-04,-2.06E-07,-4.11E-04
7529.6021,0.62174588,0.62200781,0.23722004,0.62016417,1.19E-04,5.86E-07,-6.99E-04
7535.8928,0.62259607,0.62275865,0.23775049,0.6209412,1.26E-04,1.50E-06,-4.34E-04
7541.949,0.62330429,0.62348158,0.23826117,0.62169164,1.37E-04,1.50E-06,-4.73E-04
7548.4599,0.62432097,0.62425893,0.2388102,0.622501,1.45E-04,-8.55E-07,1.65E-04
7554.7493,0.62516088,0.62501001,0.23934055,0.62328536,1.26E-04,-1.02E-06,4.02E-04
7560.8413,0.6258849,0.62573774,0.23985424,0.62404747,1.32E-04,-1.38E-08,3.93E-04
7567.3974,0.62683521,0.62652124,0.24040708,0.62487027,1.26E-04,-1.15E-06,8.37E-04
7573.9139,0.62753386,0.62730038,0.24095658,0.62569078,1.17E-04,-2.93E-07,6.23E-04
7580.2516,0.62834307,0.62805857,0.241491,0.62649134,1.22E-04,-1.38E-06,7.59E-04
7586.5474,0.62907982,0.62881222,0.24202189,0.62728912,9.98E-05,-1.60E-06,7.14E-04
7592.8156,0.62959735,0.62956308,0.24255044,0.62808588,1.02E-04,1.18E-06,9.14E-05
7599.1414,0.63036703,0.63032143,0.24308386,0.62889248,1.15E-04,4.59E-07,1.22E-04
7605.5267,0.63105592,0.63108758,0.2436223,0.62970922,1.08E-04,7.96E-08,-8.45E-05
7612.0761,0.6317646,0.63187414,0.24417456,0.63054962,1.16E-04,1.37E-06,-2.92E-04
7618.6684,0.63257741,0.6326667,0.24473046,0.63139826,1.26E-04,7.67E-07,-2.38E-04
7625.073,0.63340342,0.63343753,0.24527051,0.63222535,1.26E-04,2.79E-07,-9.10E-05
7631.4436,0.6341838,0.63420518,0.2458077,0.63305063,1.30E-04,-6.86E-07,-5.70E-05
7637.8107,0.63505497,0.63497335,0.2463446,0.633878,1.17E-04,-2.58E-06,2.18E-04
7644.2574,0.63568312,0.63575215,0.24688822,0.63471833,9.66E-05,-5.18E-07,-1.84E-04
7650.9323,0.63632215,0.63655967,0.24745107,0.63559116,1.10E-04,2.71E-06,-6.34E-04
7657.574,0.63715071,0.63736442,0.24801113,0.63646245,1.33E-04,1.81E-06,-5.70E-04
7664.0662,0.63806445,0.63815228,0.24855857,0.63731679,1.34E-04,-8.23E-07,-2.34E-04
7670.5697,0.6388927,0.63894283,0.24910698,0.6381753,1.22E-04,-5.21E-07,-1.34E-04
7677.0403,0.63964672,0.63973072,0.24965259,0.6390321,1.27E-04,-2.07E-07,-2.24E-04
7683.5593,0.64054612,0.64052594,0.2502023,0.63989799,1.19E-04,-5.56E-07,5.38E-05
7690.1302,0.64120796,0.641329,0.25075639,0.64077348,1.20E-04,1.23E-06,-3.23E-04
7696.6361,0.64211547,0.64212568,0.25130499,0.64164299,1.35E-04,-3.93E-07,-2.72E-05
7703.1608,0.64297183,0.64292629,0.25185518,0.6425177,1.15E-04,-7.70E-07,1.21E-04
7709.7664,0.64362397,0.64373854,0.25241219,0.64340599,1.25E-04,1.74E-06,-3.06E-04
7716.3424,0.6446228,0.64454892,0.2529667,0.64429302,1.38E-04,-4.42E-07,1.97E-04
7723.1084,0.64546272,0.64538465,0.25353724,0.64520853,1.19E-04,-8.02E-07,2.08E-04
7729.7351,0.64622116,0.64620513,0.25409603,0.646108,1.27E-04,9.13E-07,4.27E-05
7736.0984,0.6471135,0.64699488,0.25463261,0.64697432,1.31E-04,-4.87E-07,3.16E-04
7742.9595,0.64795633,0.64784855,0.25521116,0.64791126,1.21E-04,-8.79E-07,2.87E-04
7749.62,0.64874475,0.64867944,0.2557728,0.64882365,1.19E-04,6.33E-07,1.74E-04
7756.0622,0.64951975,0.64948521,0.25631603,0.64970879,1.29E-04,8.74E-07,9.21E-05
7763.0173,0.65047204,0.65035755,0.25690251,0.65066736,1.31E-04,-7.07E-07,3.05E-04
7769.9846,0.65134393,0.65123394,0.25749003,0.65163066,1.19E-04,-4.28E-07,2.93E-04
7776.7774,0.65211074,0.6520907,0.25806282,0.65257277,1.25E-04,1.59E-07,5.35E-05
7783.7785,0.65307007,0.65297603,0.25865318,0.65354682,1.21E-04,-9.09E-07,2.51E-04
7790.7782,0.65380889,0.65386339,0.25924342,0.65452377,1.12E-04,4.32E-07,-1.45E-04
7797.8657,0.65465373,0.65476401,0.25984107,0.65551612,1.27E-04,1.43E-06,-2.94E-04
7805.1328,0.65563737,0.65568953,0.26045386,0.65653689,1.33E-04,4.39E-07,-1.39E-04
7812.2133,0.65656163,0.65659319,0.26105091,0.65753466,1.34E-04,-2.22E-07,-8.42E-05
7819.0622,0.65749944,0.65746897,0.26162843,0.6585028,1.30E-04,-3.26E-07,8.13E-05
7826.1086,0.65836646,0.65837161,0.26222262,0.65950196,1.29E-04,-6.81E-07,-1.37E-05
7833.2456,0.65933132,0.65928736,0.26282444,0.66051715,1.20E-04,3.70E-07,1.17E-04
7840.1215,0.66005114,0.66017094,0.26340424,0.66149822,1.34E-04,1.37E-06,-3.20E-04
7847.2107,0.66120748,0.66108318,0.26400203,0.66251287,1.39E-04,-1.20E-06,3.32E-04
7854.387,0.66203905,0.66200777,0.26460716,0.66354319,1.17E-04,-1.23E-06,8.34E-05
7861.5664,0.66289113,0.66293382,0.26521256,0.66457723,1.22E-04,7.82E-07,-1.14E-04
7868.6843,0.6637799,0.6638528,0.26581276,0.6656056,1.28E-04,1.22E-06,-1.94E-04
7875.6552,0.66470099,0.66475356,0.26640058,0.66661583,1.39E-04,-1.95E-07,-1.40E-04
7882.8651,0.66575002,0.66568585,0.26700855,0.66766393,1.26E-04,-1.17E-06,1.71E-04
7890.0527,0.66651072,0.66661577,0.26761464,0.66871205,1.22E-04,1.21E-06,-2.80E-04
7897.3333,0.66751607,0.66755811,0.26822856,0.66977704,1.43E-04,5.31E-07,-1.12E-04
7904.5755,0.66858981,0.66849575,0.26883925,0.67083973,1.30E-04,-1.89E-06,2.51E-04
7911.8706,0.66940261,0.66944036,0.2694544,0.67191353,1.16E-04,-2.13E-07,-1.01E-04
7919.2006,0.67028218,0.67038948,0.2700725,0.67299585,1.27E-04,4.65E-07,-2.86E-04
7926.461,0.67125055,0.67132944,0.27068472,0.67407123,1.23E-04,-1.41E-07,-2.10E-04
7933.7845,0.67206874,0.67227728,0.27130227,0.67515932,1.25E-04,1.02E-06,-5.56E-04
7940.866,0.67304541,0.6731934,0.27189941,0.67621468,1.37E-04,6.03E-07,-3.95E-04
7948.1507,0.67403921,0.67413525,0.27251368,0.6773036,1.33E-04,-4.63E-07,-2.56E-04
7955.5159,0.67499773,0.67508682,0.27313474,0.67840797,1.30E-04,-1.38E-07,-2.38E-04
7962.6301,0.67592695,0.67600516,0.27373464,0.67947795,1.31E-04,5.79E-07,-2.09E-04
7969.9671,0.67689477,0.67695129,0.27435333,0.68058479,1.39E-04,2.37E-07,-1.51E-04
7977.3798,0.67797335,0.67790606,0.2749784,0.68170648,1.35E-04,-4.60E-07,1.79E-04
7984.7999,0.6788937,0.67886048,0.27560408,0.68283276,1.32E-04,-1.29E-07,8.86E-05
7992.1575,0.67992285,0.67980547,0.27622451,0.683953,1.33E-04,2.49E-07,3.13E-04
7999.5974,0.6808597,0.68075945,0.27685187,0.68508923,1.36E-04,1.59E-07,2.67E-04
8007.024,0.68193884,0.68171,0.2774781,0.68622689,1.35E-04,-3.23E-07,6.10E-04
8014.4141,0.68286331,0.68265403,0.27810127,0.68736243,1.31E-04,-4.26E-07,5.58E-04
8021.8993,0.68388491,0.68360819,0.27873245,0.6885161,1.29E-04,3.37E-08,7.38E-04
8029.3379,0.68478675,0.68455423,0.2793597,0.68966607,1.31E-04,3.25E-08,6.20E-04
8036.7698,0.68583782,0.68549712,0.27998639,0.6908185,1.29E-04,-9.77E-07,9.09E-04
8044.0115,0.68668502,0.68641353,0.28059704,0.69194478,1.17E-04,-1.71E-06,7.24E-04
